file_name,dataset_name,split,has_target,bbox_area,target_size_bin,complexity_bin,mask_empty
irstd1k_000002.png,IRSTD_1k,test,1,148,medium,mid,0
irstd1k_000007.png,IRSTD_1k,test,1,170,medium,high,0
irstd1k_000008.png,IRSTD_1k,test,1,341,medium,mid,0
irstd1k_000027.png,IRSTD_1k,test,1,64,small,high,0
irstd1k_000028.png,IRSTD_1k,test,1,78,small,high,0
irstd1k_000034.png,IRSTD_1k,test,1,230,medium,high,0
irstd1k_000042.png,IRSTD_1k,test,1,35,tiny,mid,0
irstd1k_000047.png,IRSTD_1k,test,1,72,small,mid,0
irstd1k_000050.png,IRSTD_1k,test,1,48,small,high,0
irstd1k_000051.png,IRSTD_1k,test,1,132,medium,mid,0
irstd1k_000062.png,IRSTD_1k,test,1,32,tiny,mid,0
irstd1k_000063.png,IRSTD_1k,test,1,178,medium,high,0
irstd1k_000065.png,IRSTD_1k,test,1,724,medium,low,0
irstd1k_000066.png,IRSTD_1k,test,1,12,tiny,mid,0
irstd1k_000076.png,IRSTD_1k,test,1,840,medium,low,0
irstd1k_000078.png,IRSTD_1k,test,1,30,tiny,mid,0
irstd1k_000111.png,IRSTD_1k,test,1,327,medium,low,0
irstd1k_000121.png,IRSTD_1k,test,1,81,small,high,0
irstd1k_000122.png,IRSTD_1k,test,1,110,medium,low,0
irstd1k_000124.png,IRSTD_1k,test,1,9,tiny,mid,0
irstd1k_000125.png,IRSTD_1k,test,1,42,small,high,0
irstd1k_000127.png,IRSTD_1k,test,1,172,medium,high,0
irstd1k_000128.png,IRSTD_1k,test,1,120,medium,mid,0
irstd1k_000130.png,IRSTD_1k,test,1,276,medium,mid,0
irstd1k_000139.png,IRSTD_1k,test,1,48,small,high,0
irstd1k_000140.png,IRSTD_1k,test,1,220,medium,high,0
irstd1k_000141.png,IRSTD_1k,test,1,264,medium,high,0
irstd1k_000142.png,IRSTD_1k,test,1,8,tiny,high,0
irstd1k_000146.png,IRSTD_1k,test,1,64,small,mid,0
irstd1k_000175.png,IRSTD_1k,test,1,72,small,mid,0
irstd1k_000184.png,IRSTD_1k,test,1,120,medium,mid,0
irstd1k_000192.png,IRSTD_1k,test,1,595,medium,low,0
irstd1k_000195.png,IRSTD_1k,test,1,253,medium,low,0
irstd1k_000196.png,IRSTD_1k,test,1,117,medium,mid,0
irstd1k_000206.png,IRSTD_1k,test,1,88,small,low,0
irstd1k_000209.png,IRSTD_1k,test,1,49,small,low,0
irstd1k_000211.png,IRSTD_1k,test,1,327,medium,low,0
irstd1k_000214.png,IRSTD_1k,test,1,810,medium,low,0
irstd1k_000220.png,IRSTD_1k,test,1,115,medium,low,0
irstd1k_000235.png,IRSTD_1k,test,1,36,small,high,0
irstd1k_000239.png,IRSTD_1k,test,1,64,small,high,0
irstd1k_000242.png,IRSTD_1k,test,1,20,tiny,low,0
irstd1k_000246.png,IRSTD_1k,test,1,129,medium,low,0
irstd1k_000257.png,IRSTD_1k,test,1,50,small,high,0
irstd1k_000259.png,IRSTD_1k,test,1,148,medium,low,0
irstd1k_000274.png,IRSTD_1k,test,1,20,tiny,mid,0
irstd1k_000289.png,IRSTD_1k,test,1,270,medium,mid,0
irstd1k_000308.png,IRSTD_1k,test,1,136,medium,mid,0
irstd1k_000311.png,IRSTD_1k,test,1,196,medium,low,0
irstd1k_000315.png,IRSTD_1k,test,1,40,small,low,0
irstd1k_000332.png,IRSTD_1k,test,1,135,medium,mid,0
irstd1k_000341.png,IRSTD_1k,test,1,30,tiny,low,0
irstd1k_000356.png,IRSTD_1k,test,1,118,medium,low,0
irstd1k_000359.png,IRSTD_1k,test,1,20,tiny,high,0
irstd1k_000375.png,IRSTD_1k,test,1,60,small,mid,0
irstd1k_000376.png,IRSTD_1k,test,1,30,tiny,mid,0
irstd1k_000389.png,IRSTD_1k,test,1,132,medium,mid,0
irstd1k_000390.png,IRSTD_1k,test,1,42,small,mid,0
irstd1k_000391.png,IRSTD_1k,test,1,25,tiny,mid,0
irstd1k_000394.png,IRSTD_1k,test,1,86,small,low,0
irstd1k_000395.png,IRSTD_1k,test,1,64,small,low,0
irstd1k_000401.png,IRSTD_1k,test,1,56,small,low,0
irstd1k_000409.png,IRSTD_1k,test,1,40,small,low,0
irstd1k_000419.png,IRSTD_1k,test,1,15,tiny,high,0
irstd1k_000426.png,IRSTD_1k,test,1,88,small,mid,0
irstd1k_000427.png,IRSTD_1k,test,1,20,tiny,low,0
irstd1k_000435.png,IRSTD_1k,test,1,190,medium,mid,0
irstd1k_000436.png,IRSTD_1k,test,1,110,medium,mid,0
irstd1k_000437.png,IRSTD_1k,test,1,40,small,high,0
irstd1k_000470.png,IRSTD_1k,test,1,121,medium,high,0
irstd1k_000479.png,IRSTD_1k,test,1,63,small,high,0
irstd1k_000487.png,IRSTD_1k,test,1,99,medium,low,0
irstd1k_000493.png,IRSTD_1k,test,1,51,small,low,0
irstd1k_000494.png,IRSTD_1k,test,1,40,small,low,0
irstd1k_000495.png,IRSTD_1k,test,1,137,medium,mid,0
irstd1k_000498.png,IRSTD_1k,test,1,53,small,low,0
irstd1k_000504.png,IRSTD_1k,test,1,27,tiny,high,0
irstd1k_000505.png,IRSTD_1k,test,1,128,medium,mid,0
irstd1k_000507.png,IRSTD_1k,test,1,45,small,high,0
irstd1k_000532.png,IRSTD_1k,test,1,320,medium,high,0
irstd1k_000533.png,IRSTD_1k,test,1,172,medium,mid,0
irstd1k_000545.png,IRSTD_1k,test,1,94,medium,mid,0
irstd1k_000562.png,IRSTD_1k,test,1,81,small,mid,0
irstd1k_000572.png,IRSTD_1k,test,1,25,tiny,low,0
irstd1k_000574.png,IRSTD_1k,test,1,80,small,high,0
irstd1k_000578.png,IRSTD_1k,test,1,67,small,mid,0
irstd1k_000579.png,IRSTD_1k,test,1,63,small,high,0
irstd1k_000583.png,IRSTD_1k,test,1,40,small,mid,0
irstd1k_000588.png,IRSTD_1k,test,1,88,small,mid,0
irstd1k_000604.png,IRSTD_1k,test,1,49,small,high,0
irstd1k_000611.png,IRSTD_1k,test,1,40,small,low,0
irstd1k_000614.png,IRSTD_1k,test,1,660,medium,mid,0
irstd1k_000626.png,IRSTD_1k,test,1,49,small,mid,0
irstd1k_000639.png,IRSTD_1k,test,1,60,small,mid,0
irstd1k_000642.png,IRSTD_1k,test,1,440,medium,mid,0
irstd1k_000652.png,IRSTD_1k,test,1,40,small,high,0
irstd1k_000653.png,IRSTD_1k,test,1,25,tiny,high,0
irstd1k_000659.png,IRSTD_1k,test,1,86,small,low,0
irstd1k_000664.png,IRSTD_1k,test,1,108,medium,mid,0
irstd1k_000672.png,IRSTD_1k,test,1,30,tiny,high,0
irstd1k_000676.png,IRSTD_1k,test,1,154,medium,low,0
irstd1k_000682.png,IRSTD_1k,test,1,533,medium,high,0
irstd1k_000685.png,IRSTD_1k,test,1,24,tiny,high,0
irstd1k_000693.png,IRSTD_1k,test,1,372,medium,high,0
irstd1k_000696.png,IRSTD_1k,test,1,15,tiny,mid,0
irstd1k_000705.png,IRSTD_1k,test,1,30,tiny,high,0
irstd1k_000710.png,IRSTD_1k,test,1,147,medium,low,0
irstd1k_000713.png,IRSTD_1k,test,1,102,medium,high,0
irstd1k_000716.png,IRSTD_1k,test,1,9,tiny,high,0
irstd1k_000718.png,IRSTD_1k,test,1,90,small,high,0
irstd1k_000723.png,IRSTD_1k,test,1,41,small,mid,0
irstd1k_000732.png,IRSTD_1k,test,1,133,medium,high,0
irstd1k_000742.png,IRSTD_1k,test,1,432,medium,mid,0
irstd1k_000756.png,IRSTD_1k,test,1,6,tiny,low,0
irstd1k_000761.png,IRSTD_1k,test,1,48,small,mid,0
irstd1k_000791.png,IRSTD_1k,test,1,60,small,low,0
irstd1k_000793.png,IRSTD_1k,test,1,60,small,mid,0
irstd1k_000794.png,IRSTD_1k,test,1,55,small,low,0
irstd1k_000798.png,IRSTD_1k,test,1,16,tiny,high,0
irstd1k_000817.png,IRSTD_1k,test,1,9,tiny,high,0
irstd1k_000818.png,IRSTD_1k,test,1,112,medium,mid,0
irstd1k_000822.png,IRSTD_1k,test,1,9,tiny,low,0
irstd1k_000832.png,IRSTD_1k,test,1,35,tiny,mid,0
irstd1k_000838.png,IRSTD_1k,test,1,80,small,low,0
irstd1k_000839.png,IRSTD_1k,test,1,12,tiny,high,0
irstd1k_000847.png,IRSTD_1k,test,1,261,medium,mid,0
irstd1k_000848.png,IRSTD_1k,test,1,48,small,low,0
irstd1k_000866.png,IRSTD_1k,test,1,168,medium,low,0
irstd1k_000881.png,IRSTD_1k,test,1,45,small,high,0
irstd1k_000885.png,IRSTD_1k,test,1,195,medium,high,0
irstd1k_000889.png,IRSTD_1k,test,1,30,tiny,mid,0
irstd1k_000896.png,IRSTD_1k,test,1,20,tiny,high,0
irstd1k_000903.png,IRSTD_1k,test,1,135,medium,high,0
irstd1k_000905.png,IRSTD_1k,test,1,108,medium,mid,0
irstd1k_000908.png,IRSTD_1k,test,1,58,small,high,0
irstd1k_000921.png,IRSTD_1k,test,1,6,tiny,low,0
irstd1k_000922.png,IRSTD_1k,test,1,72,small,mid,0
irstd1k_000923.png,IRSTD_1k,test,1,28,tiny,mid,0
irstd1k_000940.png,IRSTD_1k,test,1,48,small,high,0
irstd1k_000942.png,IRSTD_1k,test,1,9,tiny,high,0
irstd1k_000947.png,IRSTD_1k,test,1,277,medium,mid,0
irstd1k_000950.png,IRSTD_1k,test,1,35,tiny,high,0
irstd1k_000956.png,IRSTD_1k,test,1,18,tiny,high,0
irstd1k_000966.png,IRSTD_1k,test,1,12,tiny,mid,0
irstd1k_000967.png,IRSTD_1k,test,1,40,small,mid,0
irstd1k_000969.png,IRSTD_1k,test,1,49,small,mid,0
irstd1k_000975.png,IRSTD_1k,test,1,24,tiny,high,0
irstd1k_000982.png,IRSTD_1k,test,1,253,medium,mid,0
irstd1k_000988.png,IRSTD_1k,test,1,120,medium,high,0
irstd1k_000990.png,IRSTD_1k,test,1,25,tiny,low,0
irstd1k_000995.png,IRSTD_1k,test,1,280,medium,mid,0
irstd1k_000003.png,IRSTD_1k,train,1,20,tiny,mid,0
irstd1k_000004.png,IRSTD_1k,train,1,150,medium,high,0
irstd1k_000005.png,IRSTD_1k,train,1,6,tiny,mid,0
irstd1k_000006.png,IRSTD_1k,train,1,192,medium,mid,0
irstd1k_000010.png,IRSTD_1k,train,1,136,medium,mid,0
irstd1k_000012.png,IRSTD_1k,train,1,120,medium,mid,0
irstd1k_000013.png,IRSTD_1k,train,1,54,small,high,0
irstd1k_000014.png,IRSTD_1k,train,1,216,medium,low,0
irstd1k_000015.png,IRSTD_1k,train,1,190,medium,mid,0
irstd1k_000016.png,IRSTD_1k,train,1,308,medium,high,0
irstd1k_000017.png,IRSTD_1k,train,1,9,tiny,low,0
irstd1k_000018.png,IRSTD_1k,train,1,116,medium,mid,0
irstd1k_000019.png,IRSTD_1k,train,1,425,medium,low,0
irstd1k_000020.png,IRSTD_1k,train,1,18,tiny,high,0
irstd1k_000021.png,IRSTD_1k,train,1,16,tiny,mid,0
irstd1k_000022.png,IRSTD_1k,train,1,140,medium,mid,0
irstd1k_000023.png,IRSTD_1k,train,1,90,small,low,0
irstd1k_000025.png,IRSTD_1k,train,1,63,small,high,0
irstd1k_000026.png,IRSTD_1k,train,1,96,medium,high,0
irstd1k_000029.png,IRSTD_1k,train,1,115,medium,mid,0
irstd1k_000030.png,IRSTD_1k,train,1,198,medium,mid,0
irstd1k_000031.png,IRSTD_1k,train,1,360,medium,mid,0
irstd1k_000032.png,IRSTD_1k,train,1,252,medium,mid,0
irstd1k_000033.png,IRSTD_1k,train,1,408,medium,low,0
irstd1k_000036.png,IRSTD_1k,train,1,156,medium,mid,0
irstd1k_000037.png,IRSTD_1k,train,1,126,medium,high,0
irstd1k_000038.png,IRSTD_1k,train,1,35,tiny,mid,0
irstd1k_000039.png,IRSTD_1k,train,1,35,tiny,mid,0
irstd1k_000040.png,IRSTD_1k,train,1,87,small,mid,0
irstd1k_000041.png,IRSTD_1k,train,1,132,medium,high,0
irstd1k_000043.png,IRSTD_1k,train,1,44,small,low,0
irstd1k_000045.png,IRSTD_1k,train,1,430,medium,low,0
irstd1k_000046.png,IRSTD_1k,train,1,66,small,low,0
irstd1k_000048.png,IRSTD_1k,train,1,97,medium,mid,0
irstd1k_000049.png,IRSTD_1k,train,1,84,small,high,0
irstd1k_000052.png,IRSTD_1k,train,1,24,tiny,high,0
irstd1k_000053.png,IRSTD_1k,train,1,94,medium,low,0
irstd1k_000054.png,IRSTD_1k,train,1,48,small,high,0
irstd1k_000055.png,IRSTD_1k,train,1,1297,medium,low,0
irstd1k_000056.png,IRSTD_1k,train,1,56,small,low,0
irstd1k_000057.png,IRSTD_1k,train,1,84,small,mid,0
irstd1k_000058.png,IRSTD_1k,train,1,208,medium,high,0
irstd1k_000060.png,IRSTD_1k,train,1,35,tiny,mid,0
irstd1k_000061.png,IRSTD_1k,train,1,49,small,high,0
irstd1k_000068.png,IRSTD_1k,train,1,68,small,low,0
irstd1k_000069.png,IRSTD_1k,train,1,15,tiny,mid,0
irstd1k_000070.png,IRSTD_1k,train,1,36,small,low,0
irstd1k_000071.png,IRSTD_1k,train,1,56,small,mid,0
irstd1k_000072.png,IRSTD_1k,train,1,78,small,high,0
irstd1k_000073.png,IRSTD_1k,train,1,150,medium,high,0
irstd1k_000074.png,IRSTD_1k,train,1,72,small,high,0
irstd1k_000077.png,IRSTD_1k,train,1,72,small,mid,0
irstd1k_000079.png,IRSTD_1k,train,1,24,tiny,high,0
irstd1k_000080.png,IRSTD_1k,train,1,92,medium,low,0
irstd1k_000081.png,IRSTD_1k,train,1,154,medium,mid,0
irstd1k_000082.png,IRSTD_1k,train,1,110,medium,high,0
irstd1k_000084.png,IRSTD_1k,train,1,28,tiny,high,0
irstd1k_000085.png,IRSTD_1k,train,1,88,small,low,0
irstd1k_000086.png,IRSTD_1k,train,1,60,small,mid,0
irstd1k_000087.png,IRSTD_1k,train,1,465,medium,mid,0
irstd1k_000088.png,IRSTD_1k,train,1,12,tiny,mid,0
irstd1k_000089.png,IRSTD_1k,train,1,30,tiny,high,0
irstd1k_000090.png,IRSTD_1k,train,1,18,tiny,high,0
irstd1k_000092.png,IRSTD_1k,train,1,35,tiny,high,0
irstd1k_000093.png,IRSTD_1k,train,1,801,medium,low,0
irstd1k_000095.png,IRSTD_1k,train,1,12,tiny,mid,0
irstd1k_000096.png,IRSTD_1k,train,1,82,small,mid,0
irstd1k_000098.png,IRSTD_1k,train,1,448,medium,low,0
irstd1k_000099.png,IRSTD_1k,train,1,169,medium,mid,0
irstd1k_000101.png,IRSTD_1k,train,1,320,medium,low,0
irstd1k_000103.png,IRSTD_1k,train,1,24,tiny,mid,0
irstd1k_000104.png,IRSTD_1k,train,1,286,medium,low,0
irstd1k_000105.png,IRSTD_1k,train,1,24,tiny,high,0
irstd1k_000106.png,IRSTD_1k,train,1,186,medium,mid,0
irstd1k_000107.png,IRSTD_1k,train,1,300,medium,high,0
irstd1k_000108.png,IRSTD_1k,train,1,24,tiny,low,0
irstd1k_000109.png,IRSTD_1k,train,1,96,medium,mid,0
irstd1k_000110.png,IRSTD_1k,train,1,103,medium,low,0
irstd1k_000112.png,IRSTD_1k,train,1,28,tiny,high,0
irstd1k_000113.png,IRSTD_1k,train,1,131,medium,low,0
irstd1k_000114.png,IRSTD_1k,train,1,136,medium,mid,0
irstd1k_000115.png,IRSTD_1k,train,1,118,medium,mid,0
irstd1k_000117.png,IRSTD_1k,train,1,18,tiny,mid,0
irstd1k_000119.png,IRSTD_1k,train,1,42,small,mid,0
irstd1k_000123.png,IRSTD_1k,train,1,42,small,high,0
irstd1k_000126.png,IRSTD_1k,train,1,68,small,high,0
irstd1k_000129.png,IRSTD_1k,train,1,12,tiny,low,0
irstd1k_000131.png,IRSTD_1k,train,1,24,tiny,high,0
irstd1k_000132.png,IRSTD_1k,train,1,42,small,high,0
irstd1k_000133.png,IRSTD_1k,train,1,36,small,mid,0
irstd1k_000134.png,IRSTD_1k,train,1,100,medium,high,0
irstd1k_000135.png,IRSTD_1k,train,1,42,small,high,0
irstd1k_000137.png,IRSTD_1k,train,1,285,medium,mid,0
irstd1k_000138.png,IRSTD_1k,train,1,144,medium,high,0
irstd1k_000143.png,IRSTD_1k,train,1,16,tiny,high,0
irstd1k_000144.png,IRSTD_1k,train,1,15,tiny,low,0
irstd1k_000145.png,IRSTD_1k,train,1,20,tiny,low,0
irstd1k_000147.png,IRSTD_1k,train,1,399,medium,mid,0
irstd1k_000148.png,IRSTD_1k,train,1,458,medium,low,0
irstd1k_000149.png,IRSTD_1k,train,1,104,medium,low,0
irstd1k_000150.png,IRSTD_1k,train,1,526,medium,low,0
irstd1k_000151.png,IRSTD_1k,train,1,4,tiny,mid,0
irstd1k_000152.png,IRSTD_1k,train,1,42,small,low,0
irstd1k_000153.png,IRSTD_1k,train,1,63,small,high,0
irstd1k_000154.png,IRSTD_1k,train,1,163,medium,low,0
irstd1k_000155.png,IRSTD_1k,train,1,381,medium,low,0
irstd1k_000156.png,IRSTD_1k,train,1,25,tiny,mid,0
irstd1k_000157.png,IRSTD_1k,train,1,60,small,low,0
irstd1k_000159.png,IRSTD_1k,train,1,90,small,mid,0
irstd1k_000160.png,IRSTD_1k,train,1,56,small,high,0
irstd1k_000161.png,IRSTD_1k,train,1,32,tiny,high,0
irstd1k_000162.png,IRSTD_1k,train,1,48,small,low,0
irstd1k_000163.png,IRSTD_1k,train,1,104,medium,high,0
irstd1k_000164.png,IRSTD_1k,train,1,52,small,low,0
irstd1k_000165.png,IRSTD_1k,train,1,30,tiny,mid,0
irstd1k_000168.png,IRSTD_1k,train,1,20,tiny,mid,0
irstd1k_000169.png,IRSTD_1k,train,1,6,tiny,high,0
irstd1k_000170.png,IRSTD_1k,train,1,132,medium,mid,0
irstd1k_000171.png,IRSTD_1k,train,1,372,medium,low,0
irstd1k_000172.png,IRSTD_1k,train,1,9,tiny,high,0
irstd1k_000173.png,IRSTD_1k,train,1,117,medium,high,0
irstd1k_000174.png,IRSTD_1k,train,1,143,medium,mid,0
irstd1k_000177.png,IRSTD_1k,train,1,77,small,mid,0
irstd1k_000178.png,IRSTD_1k,train,1,54,small,high,0
irstd1k_000180.png,IRSTD_1k,train,1,120,medium,mid,0
irstd1k_000181.png,IRSTD_1k,train,1,180,medium,mid,0
irstd1k_000182.png,IRSTD_1k,train,1,210,medium,mid,0
irstd1k_000183.png,IRSTD_1k,train,1,108,medium,mid,0
irstd1k_000186.png,IRSTD_1k,train,1,441,medium,low,0
irstd1k_000187.png,IRSTD_1k,train,1,66,small,high,0
irstd1k_000188.png,IRSTD_1k,train,1,66,small,high,0
irstd1k_000189.png,IRSTD_1k,train,1,128,medium,high,0
irstd1k_000190.png,IRSTD_1k,train,1,42,small,mid,0
irstd1k_000193.png,IRSTD_1k,train,1,81,small,low,0
irstd1k_000194.png,IRSTD_1k,train,1,77,small,low,0
irstd1k_000197.png,IRSTD_1k,train,1,66,small,low,0
irstd1k_000199.png,IRSTD_1k,train,1,338,medium,low,0
irstd1k_000200.png,IRSTD_1k,train,1,206,medium,low,0
irstd1k_000201.png,IRSTD_1k,train,1,15,tiny,high,0
irstd1k_000202.png,IRSTD_1k,train,1,49,small,mid,0
irstd1k_000203.png,IRSTD_1k,train,1,80,small,mid,0
irstd1k_000204.png,IRSTD_1k,train,1,120,medium,high,0
irstd1k_000205.png,IRSTD_1k,train,1,94,medium,mid,0
irstd1k_000207.png,IRSTD_1k,train,1,144,medium,mid,0
irstd1k_000208.png,IRSTD_1k,train,1,194,medium,high,0
irstd1k_000210.png,IRSTD_1k,train,1,300,medium,low,0
irstd1k_000212.png,IRSTD_1k,train,1,63,small,high,0
irstd1k_000213.png,IRSTD_1k,train,1,140,medium,high,0
irstd1k_000215.png,IRSTD_1k,train,1,94,medium,mid,0
irstd1k_000217.png,IRSTD_1k,train,1,62,small,low,0
irstd1k_000218.png,IRSTD_1k,train,1,160,medium,high,0
irstd1k_000219.png,IRSTD_1k,train,1,120,medium,high,0
irstd1k_000222.png,IRSTD_1k,train,1,58,small,mid,0
irstd1k_000224.png,IRSTD_1k,train,1,140,medium,mid,0
irstd1k_000225.png,IRSTD_1k,train,1,66,small,low,0
irstd1k_000226.png,IRSTD_1k,train,1,572,medium,mid,0
irstd1k_000227.png,IRSTD_1k,train,1,338,medium,high,0
irstd1k_000229.png,IRSTD_1k,train,1,42,small,high,0
irstd1k_000230.png,IRSTD_1k,train,1,152,medium,mid,0
irstd1k_000232.png,IRSTD_1k,train,1,147,medium,high,0
irstd1k_000233.png,IRSTD_1k,train,1,30,tiny,mid,0
irstd1k_000234.png,IRSTD_1k,train,1,30,tiny,high,0
irstd1k_000237.png,IRSTD_1k,train,1,120,medium,low,0
irstd1k_000238.png,IRSTD_1k,train,1,99,medium,mid,0
irstd1k_000240.png,IRSTD_1k,train,1,98,medium,high,0
irstd1k_000241.png,IRSTD_1k,train,1,91,medium,low,0
irstd1k_000243.png,IRSTD_1k,train,1,120,medium,low,0
irstd1k_000245.png,IRSTD_1k,train,1,400,medium,high,0
irstd1k_000247.png,IRSTD_1k,train,1,357,medium,mid,0
irstd1k_000248.png,IRSTD_1k,train,1,63,small,mid,0
irstd1k_000249.png,IRSTD_1k,train,1,15,tiny,low,0
irstd1k_000250.png,IRSTD_1k,train,1,143,medium,mid,0
irstd1k_000251.png,IRSTD_1k,train,1,20,tiny,low,0
irstd1k_000252.png,IRSTD_1k,train,1,566,medium,mid,0
irstd1k_000253.png,IRSTD_1k,train,1,299,medium,low,0
irstd1k_000254.png,IRSTD_1k,train,1,3587,medium,mid,0
irstd1k_000255.png,IRSTD_1k,train,1,100,medium,mid,0
irstd1k_000256.png,IRSTD_1k,train,1,176,medium,mid,0
irstd1k_000258.png,IRSTD_1k,train,1,15,tiny,mid,0
irstd1k_000260.png,IRSTD_1k,train,1,81,small,high,0
irstd1k_000261.png,IRSTD_1k,train,1,144,medium,low,0
irstd1k_000262.png,IRSTD_1k,train,1,80,small,mid,0
irstd1k_000263.png,IRSTD_1k,train,1,34,tiny,mid,0
irstd1k_000264.png,IRSTD_1k,train,1,80,small,low,0
irstd1k_000265.png,IRSTD_1k,train,1,242,medium,mid,0
irstd1k_000266.png,IRSTD_1k,train,1,57,small,mid,0
irstd1k_000267.png,IRSTD_1k,train,1,56,small,high,0
irstd1k_000268.png,IRSTD_1k,train,1,48,small,high,0
irstd1k_000269.png,IRSTD_1k,train,1,126,medium,mid,0
irstd1k_000270.png,IRSTD_1k,train,1,21,tiny,high,0
irstd1k_000271.png,IRSTD_1k,train,1,264,medium,mid,0
irstd1k_000272.png,IRSTD_1k,train,1,68,small,mid,0
irstd1k_000273.png,IRSTD_1k,train,1,82,small,mid,0
irstd1k_000275.png,IRSTD_1k,train,1,248,medium,low,0
irstd1k_000276.png,IRSTD_1k,train,1,410,medium,mid,0
irstd1k_000278.png,IRSTD_1k,train,1,129,medium,high,0
irstd1k_000279.png,IRSTD_1k,train,1,42,small,mid,0
irstd1k_000280.png,IRSTD_1k,train,1,120,medium,mid,0
irstd1k_000281.png,IRSTD_1k,train,1,56,small,mid,0
irstd1k_000282.png,IRSTD_1k,train,1,20,tiny,high,0
irstd1k_000283.png,IRSTD_1k,train,1,153,medium,high,0
irstd1k_000284.png,IRSTD_1k,train,1,98,medium,low,0
irstd1k_000285.png,IRSTD_1k,train,1,28,tiny,high,0
irstd1k_000286.png,IRSTD_1k,train,1,42,small,high,0
irstd1k_000287.png,IRSTD_1k,train,1,52,small,low,0
irstd1k_000288.png,IRSTD_1k,train,1,351,medium,mid,0
irstd1k_000290.png,IRSTD_1k,train,1,90,small,high,0
irstd1k_000291.png,IRSTD_1k,train,1,201,medium,mid,0
irstd1k_000292.png,IRSTD_1k,train,1,21,tiny,high,0
irstd1k_000293.png,IRSTD_1k,train,1,84,small,low,0
irstd1k_000294.png,IRSTD_1k,train,1,20,tiny,mid,0
irstd1k_000295.png,IRSTD_1k,train,1,664,medium,low,0
irstd1k_000298.png,IRSTD_1k,train,1,4,tiny,high,0
irstd1k_000300.png,IRSTD_1k,train,1,143,medium,mid,0
irstd1k_000301.png,IRSTD_1k,train,1,128,medium,low,0
irstd1k_000303.png,IRSTD_1k,train,1,61,small,low,0
irstd1k_000304.png,IRSTD_1k,train,1,62,small,high,0
irstd1k_000307.png,IRSTD_1k,train,1,9,tiny,mid,0
irstd1k_000310.png,IRSTD_1k,train,1,269,medium,mid,0
irstd1k_000312.png,IRSTD_1k,train,1,28,tiny,high,0
irstd1k_000313.png,IRSTD_1k,train,1,35,tiny,high,0
irstd1k_000314.png,IRSTD_1k,train,1,300,medium,low,0
irstd1k_000316.png,IRSTD_1k,train,1,88,small,high,0
irstd1k_000317.png,IRSTD_1k,train,1,65,small,low,0
irstd1k_000318.png,IRSTD_1k,train,1,112,medium,mid,0
irstd1k_000321.png,IRSTD_1k,train,1,155,medium,mid,0
irstd1k_000322.png,IRSTD_1k,train,1,20,tiny,high,0
irstd1k_000323.png,IRSTD_1k,train,1,150,medium,low,0
irstd1k_000324.png,IRSTD_1k,train,1,48,small,mid,0
irstd1k_000325.png,IRSTD_1k,train,1,55,small,high,0
irstd1k_000326.png,IRSTD_1k,train,1,130,medium,high,0
irstd1k_000327.png,IRSTD_1k,train,1,21,tiny,mid,0
irstd1k_000328.png,IRSTD_1k,train,1,121,medium,mid,0
irstd1k_000329.png,IRSTD_1k,train,1,163,medium,mid,0
irstd1k_000330.png,IRSTD_1k,train,1,216,medium,mid,0
irstd1k_000331.png,IRSTD_1k,train,1,206,medium,high,0
irstd1k_000333.png,IRSTD_1k,train,1,77,small,high,0
irstd1k_000334.png,IRSTD_1k,train,1,42,small,low,0
irstd1k_000338.png,IRSTD_1k,train,1,12,tiny,high,0
irstd1k_000339.png,IRSTD_1k,train,1,75,small,low,0
irstd1k_000340.png,IRSTD_1k,train,1,12,tiny,high,0
irstd1k_000342.png,IRSTD_1k,train,1,10,tiny,high,0
irstd1k_000343.png,IRSTD_1k,train,1,72,small,mid,0
irstd1k_000345.png,IRSTD_1k,train,1,155,medium,high,0
irstd1k_000346.png,IRSTD_1k,train,1,20,tiny,low,0
irstd1k_000348.png,IRSTD_1k,train,1,20,tiny,low,0
irstd1k_000349.png,IRSTD_1k,train,1,89,small,low,0
irstd1k_000350.png,IRSTD_1k,train,1,55,small,low,0
irstd1k_000351.png,IRSTD_1k,train,1,18,tiny,low,0
irstd1k_000352.png,IRSTD_1k,train,1,68,small,low,0
irstd1k_000353.png,IRSTD_1k,train,1,176,medium,low,0
irstd1k_000354.png,IRSTD_1k,train,1,570,medium,mid,0
irstd1k_000355.png,IRSTD_1k,train,1,359,medium,low,0
irstd1k_000357.png,IRSTD_1k,train,1,12,tiny,low,0
irstd1k_000358.png,IRSTD_1k,train,1,30,tiny,mid,0
irstd1k_000360.png,IRSTD_1k,train,1,78,small,mid,0
irstd1k_000361.png,IRSTD_1k,train,1,50,small,low,0
irstd1k_000362.png,IRSTD_1k,train,1,30,tiny,mid,0
irstd1k_000364.png,IRSTD_1k,train,1,80,small,high,0
irstd1k_000365.png,IRSTD_1k,train,1,35,tiny,high,0
irstd1k_000366.png,IRSTD_1k,train,1,414,medium,mid,0
irstd1k_000367.png,IRSTD_1k,train,1,36,small,high,0
irstd1k_000368.png,IRSTD_1k,train,1,192,medium,mid,0
irstd1k_000369.png,IRSTD_1k,train,1,396,medium,mid,0
irstd1k_000371.png,IRSTD_1k,train,1,8,tiny,high,0
irstd1k_000372.png,IRSTD_1k,train,1,54,small,low,0
irstd1k_000373.png,IRSTD_1k,train,1,60,small,low,0
irstd1k_000374.png,IRSTD_1k,train,1,228,medium,low,0
irstd1k_000377.png,IRSTD_1k,train,1,109,medium,mid,0
irstd1k_000378.png,IRSTD_1k,train,1,234,medium,mid,0
irstd1k_000379.png,IRSTD_1k,train,1,63,small,high,0
irstd1k_000380.png,IRSTD_1k,train,1,117,medium,low,0
irstd1k_000381.png,IRSTD_1k,train,1,99,medium,high,0
irstd1k_000382.png,IRSTD_1k,train,1,24,tiny,low,0
irstd1k_000384.png,IRSTD_1k,train,1,54,small,low,0
irstd1k_000385.png,IRSTD_1k,train,1,1120,medium,mid,0
irstd1k_000386.png,IRSTD_1k,train,1,162,medium,mid,0
irstd1k_000387.png,IRSTD_1k,train,1,99,medium,low,0
irstd1k_000393.png,IRSTD_1k,train,1,84,small,mid,0
irstd1k_000396.png,IRSTD_1k,train,1,187,medium,mid,0
irstd1k_000397.png,IRSTD_1k,train,1,66,small,mid,0
irstd1k_000399.png,IRSTD_1k,train,1,236,medium,mid,0
irstd1k_000400.png,IRSTD_1k,train,1,168,medium,mid,0
irstd1k_000402.png,IRSTD_1k,train,1,63,small,low,0
irstd1k_000403.png,IRSTD_1k,train,1,88,small,mid,0
irstd1k_000404.png,IRSTD_1k,train,1,93,medium,mid,0
irstd1k_000405.png,IRSTD_1k,train,1,396,medium,low,0
irstd1k_000406.png,IRSTD_1k,train,1,90,small,mid,0
irstd1k_000407.png,IRSTD_1k,train,1,40,small,high,0
irstd1k_000408.png,IRSTD_1k,train,1,36,small,high,0
irstd1k_000410.png,IRSTD_1k,train,1,57,small,high,0
irstd1k_000411.png,IRSTD_1k,train,1,78,small,high,0
irstd1k_000412.png,IRSTD_1k,train,1,81,small,high,0
irstd1k_000413.png,IRSTD_1k,train,1,62,small,high,0
irstd1k_000414.png,IRSTD_1k,train,1,49,small,high,0
irstd1k_000416.png,IRSTD_1k,train,1,34,tiny,mid,0
irstd1k_000417.png,IRSTD_1k,train,1,83,small,low,0
irstd1k_000421.png,IRSTD_1k,train,1,117,medium,low,0
irstd1k_000422.png,IRSTD_1k,train,1,60,small,high,0
irstd1k_000423.png,IRSTD_1k,train,1,143,medium,high,0
irstd1k_000424.png,IRSTD_1k,train,1,160,medium,mid,0
irstd1k_000425.png,IRSTD_1k,train,1,48,small,high,0
irstd1k_000428.png,IRSTD_1k,train,1,102,medium,mid,0
irstd1k_000429.png,IRSTD_1k,train,1,56,small,mid,0
irstd1k_000430.png,IRSTD_1k,train,1,64,small,mid,0
irstd1k_000431.png,IRSTD_1k,train,1,85,small,low,0
irstd1k_000434.png,IRSTD_1k,train,1,245,medium,mid,0
irstd1k_000438.png,IRSTD_1k,train,1,197,medium,low,0
irstd1k_000439.png,IRSTD_1k,train,1,184,medium,mid,0
irstd1k_000440.png,IRSTD_1k,train,1,130,medium,high,0
irstd1k_000441.png,IRSTD_1k,train,1,124,medium,low,0
irstd1k_000442.png,IRSTD_1k,train,1,144,medium,mid,0
irstd1k_000443.png,IRSTD_1k,train,1,15,tiny,mid,0
irstd1k_000444.png,IRSTD_1k,train,1,75,small,high,0
irstd1k_000445.png,IRSTD_1k,train,1,70,small,low,0
irstd1k_000446.png,IRSTD_1k,train,1,189,medium,high,0
irstd1k_000447.png,IRSTD_1k,train,1,25,tiny,mid,0
irstd1k_000448.png,IRSTD_1k,train,1,35,tiny,low,0
irstd1k_000449.png,IRSTD_1k,train,1,24,tiny,high,0
irstd1k_000450.png,IRSTD_1k,train,1,35,tiny,high,0
irstd1k_000451.png,IRSTD_1k,train,1,473,medium,low,0
irstd1k_000452.png,IRSTD_1k,train,1,49,small,low,0
irstd1k_000453.png,IRSTD_1k,train,1,339,medium,low,0
irstd1k_000454.png,IRSTD_1k,train,1,242,medium,mid,0
irstd1k_000455.png,IRSTD_1k,train,1,35,tiny,mid,0
irstd1k_000456.png,IRSTD_1k,train,1,24,tiny,high,0
irstd1k_000457.png,IRSTD_1k,train,1,39,small,mid,0
irstd1k_000459.png,IRSTD_1k,train,1,40,small,high,0
irstd1k_000460.png,IRSTD_1k,train,1,66,small,mid,0
irstd1k_000461.png,IRSTD_1k,train,1,131,medium,mid,0
irstd1k_000462.png,IRSTD_1k,train,1,110,medium,mid,0
irstd1k_000463.png,IRSTD_1k,train,1,42,small,low,0
irstd1k_000464.png,IRSTD_1k,train,1,117,medium,mid,0
irstd1k_000465.png,IRSTD_1k,train,1,120,medium,mid,0
irstd1k_000467.png,IRSTD_1k,train,1,15,tiny,mid,0
irstd1k_000468.png,IRSTD_1k,train,1,28,tiny,high,0
irstd1k_000469.png,IRSTD_1k,train,1,43,small,low,0
irstd1k_000471.png,IRSTD_1k,train,1,275,medium,high,0
irstd1k_000472.png,IRSTD_1k,train,1,70,small,mid,0
irstd1k_000474.png,IRSTD_1k,train,1,28,tiny,low,0
irstd1k_000475.png,IRSTD_1k,train,1,70,small,low,0
irstd1k_000477.png,IRSTD_1k,train,1,286,medium,low,0
irstd1k_000478.png,IRSTD_1k,train,1,32,tiny,high,0
irstd1k_000480.png,IRSTD_1k,train,1,42,small,mid,0
irstd1k_000481.png,IRSTD_1k,train,1,350,medium,mid,0
irstd1k_000482.png,IRSTD_1k,train,1,12,tiny,low,0
irstd1k_000483.png,IRSTD_1k,train,1,54,small,low,0
irstd1k_000484.png,IRSTD_1k,train,1,91,medium,high,0
irstd1k_000485.png,IRSTD_1k,train,1,551,medium,high,0
irstd1k_000486.png,IRSTD_1k,train,1,186,medium,low,0
irstd1k_000488.png,IRSTD_1k,train,1,210,medium,mid,0
irstd1k_000489.png,IRSTD_1k,train,1,70,small,high,0
irstd1k_000490.png,IRSTD_1k,train,1,70,small,high,0
irstd1k_000491.png,IRSTD_1k,train,1,108,medium,high,0
irstd1k_000492.png,IRSTD_1k,train,1,91,medium,low,0
irstd1k_000496.png,IRSTD_1k,train,1,165,medium,low,0
irstd1k_000497.png,IRSTD_1k,train,1,42,small,mid,0
irstd1k_000499.png,IRSTD_1k,train,1,78,small,high,0
irstd1k_000500.png,IRSTD_1k,train,1,64,small,high,0
irstd1k_000501.png,IRSTD_1k,train,1,49,small,low,0
irstd1k_000502.png,IRSTD_1k,train,1,141,medium,mid,0
irstd1k_000503.png,IRSTD_1k,train,1,134,medium,mid,0
irstd1k_000506.png,IRSTD_1k,train,1,28,tiny,mid,0
irstd1k_000510.png,IRSTD_1k,train,1,132,medium,low,0
irstd1k_000511.png,IRSTD_1k,train,1,179,medium,mid,0
irstd1k_000512.png,IRSTD_1k,train,1,132,medium,mid,0
irstd1k_000513.png,IRSTD_1k,train,1,598,medium,mid,0
irstd1k_000515.png,IRSTD_1k,train,1,21,tiny,mid,0
irstd1k_000519.png,IRSTD_1k,train,1,112,medium,high,0
irstd1k_000520.png,IRSTD_1k,train,1,138,medium,mid,0
irstd1k_000521.png,IRSTD_1k,train,1,60,small,high,0
irstd1k_000522.png,IRSTD_1k,train,1,136,medium,low,0
irstd1k_000523.png,IRSTD_1k,train,1,25,tiny,high,0
irstd1k_000524.png,IRSTD_1k,train,1,56,small,low,0
irstd1k_000527.png,IRSTD_1k,train,1,72,small,mid,0
irstd1k_000528.png,IRSTD_1k,train,1,442,medium,low,0
irstd1k_000529.png,IRSTD_1k,train,1,54,small,high,0
irstd1k_000530.png,IRSTD_1k,train,1,8,tiny,high,0
irstd1k_000531.png,IRSTD_1k,train,1,88,small,low,0
irstd1k_000535.png,IRSTD_1k,train,1,30,tiny,low,0
irstd1k_000536.png,IRSTD_1k,train,1,190,medium,mid,0
irstd1k_000537.png,IRSTD_1k,train,1,202,medium,low,0
irstd1k_000538.png,IRSTD_1k,train,1,64,small,high,0
irstd1k_000539.png,IRSTD_1k,train,1,140,medium,high,0
irstd1k_000540.png,IRSTD_1k,train,1,80,small,high,0
irstd1k_000541.png,IRSTD_1k,train,1,120,medium,high,0
irstd1k_000542.png,IRSTD_1k,train,1,554,medium,mid,0
irstd1k_000543.png,IRSTD_1k,train,1,160,medium,low,0
irstd1k_000546.png,IRSTD_1k,train,1,108,medium,high,0
irstd1k_000547.png,IRSTD_1k,train,1,102,medium,mid,0
irstd1k_000548.png,IRSTD_1k,train,1,114,medium,mid,0
irstd1k_000549.png,IRSTD_1k,train,1,72,small,high,0
irstd1k_000550.png,IRSTD_1k,train,1,110,medium,mid,0
irstd1k_000551.png,IRSTD_1k,train,1,305,medium,mid,0
irstd1k_000553.png,IRSTD_1k,train,1,66,small,low,0
irstd1k_000554.png,IRSTD_1k,train,1,63,small,mid,0
irstd1k_000555.png,IRSTD_1k,train,1,131,medium,low,0
irstd1k_000558.png,IRSTD_1k,train,1,63,small,mid,0
irstd1k_000560.png,IRSTD_1k,train,1,77,small,mid,0
irstd1k_000561.png,IRSTD_1k,train,1,1457,medium,low,0
irstd1k_000563.png,IRSTD_1k,train,1,10,tiny,high,0
irstd1k_000564.png,IRSTD_1k,train,1,218,medium,high,0
irstd1k_000565.png,IRSTD_1k,train,1,50,small,low,0
irstd1k_000566.png,IRSTD_1k,train,1,36,small,mid,0
irstd1k_000567.png,IRSTD_1k,train,1,135,medium,low,0
irstd1k_000568.png,IRSTD_1k,train,1,28,tiny,low,0
irstd1k_000569.png,IRSTD_1k,train,1,138,medium,mid,0
irstd1k_000570.png,IRSTD_1k,train,1,153,medium,low,0
irstd1k_000573.png,IRSTD_1k,train,1,216,medium,low,0
irstd1k_000575.png,IRSTD_1k,train,1,36,small,mid,0
irstd1k_000576.png,IRSTD_1k,train,1,68,small,mid,0
irstd1k_000577.png,IRSTD_1k,train,1,12,tiny,high,0
irstd1k_000580.png,IRSTD_1k,train,1,418,medium,mid,0
irstd1k_000581.png,IRSTD_1k,train,1,456,medium,high,0
irstd1k_000582.png,IRSTD_1k,train,1,120,medium,high,0
irstd1k_000584.png,IRSTD_1k,train,1,49,small,low,0
irstd1k_000585.png,IRSTD_1k,train,1,104,medium,low,0
irstd1k_000589.png,IRSTD_1k,train,1,45,small,mid,0
irstd1k_000590.png,IRSTD_1k,train,1,89,small,mid,0
irstd1k_000592.png,IRSTD_1k,train,1,44,small,high,0
irstd1k_000593.png,IRSTD_1k,train,1,86,small,low,0
irstd1k_000594.png,IRSTD_1k,train,1,152,medium,mid,0
irstd1k_000596.png,IRSTD_1k,train,1,24,tiny,high,0
irstd1k_000597.png,IRSTD_1k,train,1,48,small,mid,0
irstd1k_000598.png,IRSTD_1k,train,1,137,medium,mid,0
irstd1k_000599.png,IRSTD_1k,train,1,141,medium,mid,0
irstd1k_000600.png,IRSTD_1k,train,1,96,medium,low,0
irstd1k_000601.png,IRSTD_1k,train,1,78,small,mid,0
irstd1k_000602.png,IRSTD_1k,train,1,72,small,high,0
irstd1k_000603.png,IRSTD_1k,train,1,45,small,high,0
irstd1k_000605.png,IRSTD_1k,train,1,20,tiny,mid,0
irstd1k_000606.png,IRSTD_1k,train,1,163,medium,mid,0
irstd1k_000607.png,IRSTD_1k,train,1,55,small,high,0
irstd1k_000608.png,IRSTD_1k,train,1,147,medium,mid,0
irstd1k_000609.png,IRSTD_1k,train,1,40,small,low,0
irstd1k_000612.png,IRSTD_1k,train,1,130,medium,high,0
irstd1k_000613.png,IRSTD_1k,train,1,90,small,mid,0
irstd1k_000615.png,IRSTD_1k,train,1,216,medium,high,0
irstd1k_000617.png,IRSTD_1k,train,1,54,small,mid,0
irstd1k_000618.png,IRSTD_1k,train,1,12,tiny,high,0
irstd1k_000619.png,IRSTD_1k,train,1,77,small,mid,0
irstd1k_000620.png,IRSTD_1k,train,1,135,medium,high,0
irstd1k_000621.png,IRSTD_1k,train,1,61,small,high,0
irstd1k_000622.png,IRSTD_1k,train,1,40,small,high,0
irstd1k_000623.png,IRSTD_1k,train,1,84,small,high,0
irstd1k_000624.png,IRSTD_1k,train,1,84,small,high,0
irstd1k_000627.png,IRSTD_1k,train,1,6,tiny,mid,0
irstd1k_000628.png,IRSTD_1k,train,1,63,small,high,0
irstd1k_000629.png,IRSTD_1k,train,1,90,small,mid,0
irstd1k_000630.png,IRSTD_1k,train,1,510,medium,low,0
irstd1k_000631.png,IRSTD_1k,train,1,3,tiny,mid,0
irstd1k_000632.png,IRSTD_1k,train,1,40,small,low,0
irstd1k_000634.png,IRSTD_1k,train,1,9,tiny,high,0
irstd1k_000635.png,IRSTD_1k,train,1,24,tiny,mid,0
irstd1k_000637.png,IRSTD_1k,train,1,9,tiny,high,0
irstd1k_000638.png,IRSTD_1k,train,1,120,medium,mid,0
irstd1k_000640.png,IRSTD_1k,train,1,12,tiny,high,0
irstd1k_000641.png,IRSTD_1k,train,1,28,tiny,high,0
irstd1k_000643.png,IRSTD_1k,train,1,21,tiny,mid,0
irstd1k_000644.png,IRSTD_1k,train,1,45,small,high,0
irstd1k_000645.png,IRSTD_1k,train,1,42,small,low,0
irstd1k_000646.png,IRSTD_1k,train,1,63,small,high,0
irstd1k_000647.png,IRSTD_1k,train,1,40,small,low,0
irstd1k_000648.png,IRSTD_1k,train,1,1125,medium,high,0
irstd1k_000649.png,IRSTD_1k,train,1,70,small,low,0
irstd1k_000650.png,IRSTD_1k,train,1,72,small,low,0
irstd1k_000654.png,IRSTD_1k,train,1,112,medium,high,0
irstd1k_000655.png,IRSTD_1k,train,1,231,medium,mid,0
irstd1k_000656.png,IRSTD_1k,train,1,20,tiny,mid,0
irstd1k_000657.png,IRSTD_1k,train,1,136,medium,mid,0
irstd1k_000658.png,IRSTD_1k,train,1,24,tiny,mid,0
irstd1k_000660.png,IRSTD_1k,train,1,56,small,high,0
irstd1k_000661.png,IRSTD_1k,train,1,12,tiny,high,0
irstd1k_000662.png,IRSTD_1k,train,1,84,small,mid,0
irstd1k_000663.png,IRSTD_1k,train,1,45,small,low,0
irstd1k_000665.png,IRSTD_1k,train,1,105,medium,mid,0
irstd1k_000666.png,IRSTD_1k,train,1,196,medium,mid,0
irstd1k_000668.png,IRSTD_1k,train,1,25,tiny,high,0
irstd1k_000669.png,IRSTD_1k,train,1,56,small,high,0
irstd1k_000670.png,IRSTD_1k,train,1,154,medium,high,0
irstd1k_000673.png,IRSTD_1k,train,1,136,medium,mid,0
irstd1k_000674.png,IRSTD_1k,train,1,90,small,mid,0
irstd1k_000675.png,IRSTD_1k,train,1,111,medium,mid,0
irstd1k_000678.png,IRSTD_1k,train,1,210,medium,high,0
irstd1k_000680.png,IRSTD_1k,train,1,42,small,mid,0
irstd1k_000681.png,IRSTD_1k,train,1,32,tiny,high,0
irstd1k_000683.png,IRSTD_1k,train,1,46,small,low,0
irstd1k_000684.png,IRSTD_1k,train,1,160,medium,mid,0
irstd1k_000686.png,IRSTD_1k,train,1,48,small,mid,0
irstd1k_000687.png,IRSTD_1k,train,1,45,small,high,0
irstd1k_000690.png,IRSTD_1k,train,1,84,small,low,0
irstd1k_000691.png,IRSTD_1k,train,1,89,small,low,0
irstd1k_000692.png,IRSTD_1k,train,1,210,medium,low,0
irstd1k_000695.png,IRSTD_1k,train,1,84,small,mid,0
irstd1k_000697.png,IRSTD_1k,train,1,55,small,low,0
irstd1k_000698.png,IRSTD_1k,train,1,119,medium,mid,0
irstd1k_000699.png,IRSTD_1k,train,1,52,small,low,0
irstd1k_000701.png,IRSTD_1k,train,1,55,small,low,0
irstd1k_000702.png,IRSTD_1k,train,1,55,small,mid,0
irstd1k_000703.png,IRSTD_1k,train,1,25,tiny,high,0
irstd1k_000704.png,IRSTD_1k,train,1,12,tiny,high,0
irstd1k_000706.png,IRSTD_1k,train,1,50,small,high,0
irstd1k_000707.png,IRSTD_1k,train,1,16,tiny,low,0
irstd1k_000711.png,IRSTD_1k,train,1,61,small,low,0
irstd1k_000712.png,IRSTD_1k,train,1,20,tiny,high,0
irstd1k_000714.png,IRSTD_1k,train,1,153,medium,mid,0
irstd1k_000715.png,IRSTD_1k,train,1,41,small,high,0
irstd1k_000717.png,IRSTD_1k,train,1,189,medium,mid,0
irstd1k_000719.png,IRSTD_1k,train,1,209,medium,mid,0
irstd1k_000720.png,IRSTD_1k,train,1,102,medium,high,0
irstd1k_000721.png,IRSTD_1k,train,1,14,tiny,mid,0
irstd1k_000724.png,IRSTD_1k,train,1,79,small,mid,0
irstd1k_000725.png,IRSTD_1k,train,1,20,tiny,high,0
irstd1k_000726.png,IRSTD_1k,train,1,65,small,high,0
irstd1k_000727.png,IRSTD_1k,train,1,108,medium,mid,0
irstd1k_000728.png,IRSTD_1k,train,1,112,medium,high,0
irstd1k_000729.png,IRSTD_1k,train,1,42,small,mid,0
irstd1k_000730.png,IRSTD_1k,train,1,72,small,high,0
irstd1k_000731.png,IRSTD_1k,train,1,9,tiny,high,0
irstd1k_000733.png,IRSTD_1k,train,1,42,small,high,0
irstd1k_000734.png,IRSTD_1k,train,1,12,tiny,mid,0
irstd1k_000735.png,IRSTD_1k,train,1,120,medium,low,0
irstd1k_000737.png,IRSTD_1k,train,1,56,small,high,0
irstd1k_000738.png,IRSTD_1k,train,1,10,tiny,high,0
irstd1k_000739.png,IRSTD_1k,train,1,171,medium,high,0
irstd1k_000740.png,IRSTD_1k,train,1,63,small,mid,0
irstd1k_000741.png,IRSTD_1k,train,1,40,small,high,0
irstd1k_000743.png,IRSTD_1k,train,1,36,small,high,0
irstd1k_000744.png,IRSTD_1k,train,1,180,medium,mid,0
irstd1k_000745.png,IRSTD_1k,train,1,60,small,mid,0
irstd1k_000746.png,IRSTD_1k,train,1,15,tiny,low,0
irstd1k_000747.png,IRSTD_1k,train,1,36,small,mid,0
irstd1k_000748.png,IRSTD_1k,train,1,35,tiny,low,0
irstd1k_000749.png,IRSTD_1k,train,1,96,medium,low,0
irstd1k_000750.png,IRSTD_1k,train,1,403,medium,high,0
irstd1k_000751.png,IRSTD_1k,train,1,30,tiny,low,0
irstd1k_000753.png,IRSTD_1k,train,1,30,tiny,mid,0
irstd1k_000755.png,IRSTD_1k,train,1,32,tiny,mid,0
irstd1k_000757.png,IRSTD_1k,train,1,129,medium,mid,0
irstd1k_000758.png,IRSTD_1k,train,1,55,small,mid,0
irstd1k_000759.png,IRSTD_1k,train,1,161,medium,high,0
irstd1k_000760.png,IRSTD_1k,train,1,36,small,high,0
irstd1k_000762.png,IRSTD_1k,train,1,15,tiny,mid,0
irstd1k_000763.png,IRSTD_1k,train,1,24,tiny,mid,0
irstd1k_000764.png,IRSTD_1k,train,1,8,tiny,low,0
irstd1k_000765.png,IRSTD_1k,train,1,44,small,high,0
irstd1k_000766.png,IRSTD_1k,train,1,130,medium,mid,0
irstd1k_000767.png,IRSTD_1k,train,1,138,medium,mid,0
irstd1k_000769.png,IRSTD_1k,train,1,36,small,mid,0
irstd1k_000770.png,IRSTD_1k,train,1,15,tiny,low,0
irstd1k_000773.png,IRSTD_1k,train,1,28,tiny,high,0
irstd1k_000774.png,IRSTD_1k,train,1,16,tiny,low,0
irstd1k_000775.png,IRSTD_1k,train,1,18,tiny,high,0
irstd1k_000776.png,IRSTD_1k,train,1,42,small,mid,0
irstd1k_000777.png,IRSTD_1k,train,1,12,tiny,mid,0
irstd1k_000778.png,IRSTD_1k,train,1,72,small,high,0
irstd1k_000779.png,IRSTD_1k,train,1,66,small,mid,0
irstd1k_000780.png,IRSTD_1k,train,1,24,tiny,low,0
irstd1k_000782.png,IRSTD_1k,train,1,76,small,low,0
irstd1k_000783.png,IRSTD_1k,train,1,54,small,high,0
irstd1k_000785.png,IRSTD_1k,train,1,49,small,mid,0
irstd1k_000786.png,IRSTD_1k,train,1,42,small,low,0
irstd1k_000787.png,IRSTD_1k,train,1,36,small,mid,0
irstd1k_000788.png,IRSTD_1k,train,1,8,tiny,low,0
irstd1k_000789.png,IRSTD_1k,train,1,9,tiny,mid,0
irstd1k_000790.png,IRSTD_1k,train,1,20,tiny,low,0
irstd1k_000792.png,IRSTD_1k,train,1,53,small,high,0
irstd1k_000795.png,IRSTD_1k,train,1,192,medium,low,0
irstd1k_000796.png,IRSTD_1k,train,1,48,small,mid,0
irstd1k_000797.png,IRSTD_1k,train,1,45,small,mid,0
irstd1k_000800.png,IRSTD_1k,train,1,27,tiny,low,0
irstd1k_000802.png,IRSTD_1k,train,1,20,tiny,mid,0
irstd1k_000803.png,IRSTD_1k,train,1,86,small,mid,0
irstd1k_000804.png,IRSTD_1k,train,1,115,medium,high,0
irstd1k_000805.png,IRSTD_1k,train,1,35,tiny,mid,0
irstd1k_000806.png,IRSTD_1k,train,1,63,small,mid,0
irstd1k_000807.png,IRSTD_1k,train,1,80,small,high,0
irstd1k_000808.png,IRSTD_1k,train,1,315,medium,low,0
irstd1k_000809.png,IRSTD_1k,train,1,170,medium,low,0
irstd1k_000810.png,IRSTD_1k,train,1,33,tiny,high,0
irstd1k_000811.png,IRSTD_1k,train,1,168,medium,high,0
irstd1k_000812.png,IRSTD_1k,train,1,6,tiny,high,0
irstd1k_000813.png,IRSTD_1k,train,1,30,tiny,mid,0
irstd1k_000814.png,IRSTD_1k,train,1,153,medium,high,0
irstd1k_000816.png,IRSTD_1k,train,1,118,medium,mid,0
irstd1k_000820.png,IRSTD_1k,train,1,24,tiny,high,0
irstd1k_000821.png,IRSTD_1k,train,1,63,small,low,0
irstd1k_000823.png,IRSTD_1k,train,1,49,small,low,0
irstd1k_000824.png,IRSTD_1k,train,1,16,tiny,mid,0
irstd1k_000825.png,IRSTD_1k,train,1,54,small,mid,0
irstd1k_000827.png,IRSTD_1k,train,1,281,medium,low,0
irstd1k_000828.png,IRSTD_1k,train,1,24,tiny,low,0
irstd1k_000829.png,IRSTD_1k,train,1,20,tiny,high,0
irstd1k_000830.png,IRSTD_1k,train,1,168,medium,mid,0
irstd1k_000831.png,IRSTD_1k,train,1,20,tiny,high,0
irstd1k_000833.png,IRSTD_1k,train,1,12,tiny,high,0
irstd1k_000834.png,IRSTD_1k,train,1,45,small,low,0
irstd1k_000835.png,IRSTD_1k,train,1,93,medium,mid,0
irstd1k_000836.png,IRSTD_1k,train,1,60,small,mid,0
irstd1k_000837.png,IRSTD_1k,train,1,212,medium,high,0
irstd1k_000840.png,IRSTD_1k,train,1,36,small,high,0
irstd1k_000843.png,IRSTD_1k,train,1,48,small,mid,0
irstd1k_000844.png,IRSTD_1k,train,1,182,medium,high,0
irstd1k_000846.png,IRSTD_1k,train,1,60,small,low,0
irstd1k_000849.png,IRSTD_1k,train,1,12,tiny,high,0
irstd1k_000850.png,IRSTD_1k,train,1,35,tiny,mid,0
irstd1k_000851.png,IRSTD_1k,train,1,65,small,high,0
irstd1k_000852.png,IRSTD_1k,train,1,100,medium,mid,0
irstd1k_000853.png,IRSTD_1k,train,1,74,small,high,0
irstd1k_000854.png,IRSTD_1k,train,1,60,small,mid,0
irstd1k_000855.png,IRSTD_1k,train,1,198,medium,high,0
irstd1k_000862.png,IRSTD_1k,train,1,24,tiny,high,0
irstd1k_000863.png,IRSTD_1k,train,1,103,medium,mid,0
irstd1k_000865.png,IRSTD_1k,train,1,12,tiny,high,0
irstd1k_000867.png,IRSTD_1k,train,1,484,medium,mid,0
irstd1k_000868.png,IRSTD_1k,train,1,528,medium,high,0
irstd1k_000869.png,IRSTD_1k,train,1,80,small,high,0
irstd1k_000870.png,IRSTD_1k,train,1,225,medium,mid,0
irstd1k_000871.png,IRSTD_1k,train,1,20,tiny,high,0
irstd1k_000872.png,IRSTD_1k,train,1,189,medium,low,0
irstd1k_000873.png,IRSTD_1k,train,1,12,tiny,high,0
irstd1k_000874.png,IRSTD_1k,train,1,126,medium,high,0
irstd1k_000875.png,IRSTD_1k,train,1,48,small,low,0
irstd1k_000876.png,IRSTD_1k,train,1,104,medium,low,0
irstd1k_000877.png,IRSTD_1k,train,1,66,small,mid,0
irstd1k_000878.png,IRSTD_1k,train,1,20,tiny,mid,0
irstd1k_000879.png,IRSTD_1k,train,1,45,small,high,0
irstd1k_000880.png,IRSTD_1k,train,1,208,medium,mid,0
irstd1k_000882.png,IRSTD_1k,train,1,12,tiny,high,0
irstd1k_000884.png,IRSTD_1k,train,1,35,tiny,mid,0
irstd1k_000886.png,IRSTD_1k,train,1,96,medium,mid,0
irstd1k_000887.png,IRSTD_1k,train,1,325,medium,high,0
irstd1k_000890.png,IRSTD_1k,train,1,28,tiny,high,0
irstd1k_000891.png,IRSTD_1k,train,1,18,tiny,high,0
irstd1k_000892.png,IRSTD_1k,train,1,56,small,high,0
irstd1k_000895.png,IRSTD_1k,train,1,34,tiny,low,0
irstd1k_000897.png,IRSTD_1k,train,1,54,small,mid,0
irstd1k_000898.png,IRSTD_1k,train,1,84,small,mid,0
irstd1k_000899.png,IRSTD_1k,train,1,18,tiny,mid,0
irstd1k_000900.png,IRSTD_1k,train,1,27,tiny,low,0
irstd1k_000902.png,IRSTD_1k,train,1,207,medium,mid,0
irstd1k_000910.png,IRSTD_1k,train,1,62,small,low,0
irstd1k_000912.png,IRSTD_1k,train,1,24,tiny,mid,0
irstd1k_000913.png,IRSTD_1k,train,1,151,medium,low,0
irstd1k_000914.png,IRSTD_1k,train,1,36,small,high,0
irstd1k_000915.png,IRSTD_1k,train,1,24,tiny,high,0
irstd1k_000917.png,IRSTD_1k,train,1,30,tiny,mid,0
irstd1k_000918.png,IRSTD_1k,train,1,40,small,mid,0
irstd1k_000919.png,IRSTD_1k,train,1,98,medium,high,0
irstd1k_000920.png,IRSTD_1k,train,1,165,medium,high,0
irstd1k_000924.png,IRSTD_1k,train,1,229,medium,mid,0
irstd1k_000925.png,IRSTD_1k,train,1,104,medium,high,0
irstd1k_000926.png,IRSTD_1k,train,1,16,tiny,mid,0
irstd1k_000927.png,IRSTD_1k,train,1,27,tiny,high,0
irstd1k_000928.png,IRSTD_1k,train,1,207,medium,high,0
irstd1k_000929.png,IRSTD_1k,train,1,73,small,low,0
irstd1k_000931.png,IRSTD_1k,train,1,44,small,high,0
irstd1k_000934.png,IRSTD_1k,train,1,324,medium,mid,0
irstd1k_000935.png,IRSTD_1k,train,1,12,tiny,high,0
irstd1k_000936.png,IRSTD_1k,train,1,110,medium,low,0
irstd1k_000937.png,IRSTD_1k,train,1,49,small,mid,0
irstd1k_000938.png,IRSTD_1k,train,1,54,small,high,0
irstd1k_000939.png,IRSTD_1k,train,1,36,small,high,0
irstd1k_000941.png,IRSTD_1k,train,1,91,medium,low,0
irstd1k_000943.png,IRSTD_1k,train,1,42,small,mid,0
irstd1k_000944.png,IRSTD_1k,train,1,30,tiny,high,0
irstd1k_000946.png,IRSTD_1k,train,1,97,medium,mid,0
irstd1k_000948.png,IRSTD_1k,train,1,29,tiny,high,0
irstd1k_000951.png,IRSTD_1k,train,1,48,small,high,0
irstd1k_000954.png,IRSTD_1k,train,1,90,small,mid,0
irstd1k_000955.png,IRSTD_1k,train,1,114,medium,low,0
irstd1k_000957.png,IRSTD_1k,train,1,42,small,high,0
irstd1k_000961.png,IRSTD_1k,train,1,25,tiny,high,0
irstd1k_000962.png,IRSTD_1k,train,1,40,small,mid,0
irstd1k_000963.png,IRSTD_1k,train,1,224,medium,low,0
irstd1k_000964.png,IRSTD_1k,train,1,24,tiny,mid,0
irstd1k_000965.png,IRSTD_1k,train,1,91,medium,mid,0
irstd1k_000968.png,IRSTD_1k,train,1,56,small,mid,0
irstd1k_000970.png,IRSTD_1k,train,1,41,small,high,0
irstd1k_000971.png,IRSTD_1k,train,1,9,tiny,high,0
irstd1k_000972.png,IRSTD_1k,train,1,56,small,high,0
irstd1k_000973.png,IRSTD_1k,train,1,80,small,low,0
irstd1k_000974.png,IRSTD_1k,train,1,40,small,mid,0
irstd1k_000976.png,IRSTD_1k,train,1,90,small,low,0
irstd1k_000979.png,IRSTD_1k,train,1,72,small,mid,0
irstd1k_000980.png,IRSTD_1k,train,1,802,medium,low,0
irstd1k_000981.png,IRSTD_1k,train,1,105,medium,mid,0
irstd1k_000983.png,IRSTD_1k,train,1,39,small,low,0
irstd1k_000984.png,IRSTD_1k,train,1,55,small,mid,0
irstd1k_000985.png,IRSTD_1k,train,1,230,medium,high,0
irstd1k_000986.png,IRSTD_1k,train,1,12,tiny,mid,0
irstd1k_000987.png,IRSTD_1k,train,1,264,medium,high,0
irstd1k_000989.png,IRSTD_1k,train,1,81,small,mid,0
irstd1k_000991.png,IRSTD_1k,train,1,219,medium,mid,0
irstd1k_000993.png,IRSTD_1k,train,1,6,tiny,mid,0
irstd1k_000996.png,IRSTD_1k,train,1,4,tiny,low,0
irstd1k_000997.png,IRSTD_1k,train,1,35,tiny,low,0
irstd1k_000998.png,IRSTD_1k,train,1,24,tiny,mid,0
irstd1k_000999.png,IRSTD_1k,train,1,2968,medium,low,0
irstd1k_001001.png,IRSTD_1k,train,1,12,tiny,low,0
irstd1k_000001.png,IRSTD_1k,val,1,45,small,high,0
irstd1k_000009.png,IRSTD_1k,val,1,48,small,low,0
irstd1k_000011.png,IRSTD_1k,val,1,395,medium,mid,0
irstd1k_000024.png,IRSTD_1k,val,1,416,medium,low,0
irstd1k_000035.png,IRSTD_1k,val,1,96,medium,high,0
irstd1k_000044.png,IRSTD_1k,val,1,138,medium,mid,0
irstd1k_000059.png,IRSTD_1k,val,1,336,medium,low,0
irstd1k_000064.png,IRSTD_1k,val,1,270,medium,low,0
irstd1k_000067.png,IRSTD_1k,val,1,210,medium,mid,0
irstd1k_000075.png,IRSTD_1k,val,1,35,tiny,low,0
irstd1k_000083.png,IRSTD_1k,val,1,32,tiny,high,0
irstd1k_000091.png,IRSTD_1k,val,1,90,small,mid,0
irstd1k_000094.png,IRSTD_1k,val,1,125,medium,mid,0
irstd1k_000097.png,IRSTD_1k,val,1,105,medium,mid,0
irstd1k_000100.png,IRSTD_1k,val,1,80,small,mid,0
irstd1k_000102.png,IRSTD_1k,val,1,63,small,mid,0
irstd1k_000116.png,IRSTD_1k,val,1,135,medium,high,0
irstd1k_000118.png,IRSTD_1k,val,1,51,small,mid,0
irstd1k_000120.png,IRSTD_1k,val,1,209,medium,mid,0
irstd1k_000136.png,IRSTD_1k,val,1,105,medium,high,0
irstd1k_000158.png,IRSTD_1k,val,1,63,small,mid,0
irstd1k_000166.png,IRSTD_1k,val,1,25,tiny,low,0
irstd1k_000167.png,IRSTD_1k,val,1,99,medium,mid,0
irstd1k_000176.png,IRSTD_1k,val,1,45,small,high,0
irstd1k_000179.png,IRSTD_1k,val,1,147,medium,low,0
irstd1k_000185.png,IRSTD_1k,val,1,470,medium,low,0
irstd1k_000191.png,IRSTD_1k,val,1,84,small,mid,0
irstd1k_000198.png,IRSTD_1k,val,1,119,medium,mid,0
irstd1k_000216.png,IRSTD_1k,val,1,104,medium,high,0
irstd1k_000221.png,IRSTD_1k,val,1,45,small,high,0
irstd1k_000223.png,IRSTD_1k,val,1,171,medium,mid,0
irstd1k_000228.png,IRSTD_1k,val,1,139,medium,high,0
irstd1k_000231.png,IRSTD_1k,val,1,192,medium,high,0
irstd1k_000236.png,IRSTD_1k,val,1,85,small,mid,0
irstd1k_000244.png,IRSTD_1k,val,1,219,medium,mid,0
irstd1k_000277.png,IRSTD_1k,val,1,162,medium,mid,0
irstd1k_000296.png,IRSTD_1k,val,1,56,small,low,0
irstd1k_000297.png,IRSTD_1k,val,1,44,small,high,0
irstd1k_000299.png,IRSTD_1k,val,1,24,tiny,high,0
irstd1k_000302.png,IRSTD_1k,val,1,143,medium,mid,0
irstd1k_000305.png,IRSTD_1k,val,1,84,small,mid,0
irstd1k_000306.png,IRSTD_1k,val,1,132,medium,low,0
irstd1k_000309.png,IRSTD_1k,val,1,80,small,mid,0
irstd1k_000319.png,IRSTD_1k,val,1,35,tiny,mid,0
irstd1k_000320.png,IRSTD_1k,val,1,40,small,low,0
irstd1k_000335.png,IRSTD_1k,val,1,246,medium,low,0
irstd1k_000336.png,IRSTD_1k,val,1,96,medium,high,0
irstd1k_000337.png,IRSTD_1k,val,1,8,tiny,high,0
irstd1k_000344.png,IRSTD_1k,val,1,282,medium,mid,0
irstd1k_000347.png,IRSTD_1k,val,1,404,medium,low,0
irstd1k_000363.png,IRSTD_1k,val,1,126,medium,mid,0
irstd1k_000370.png,IRSTD_1k,val,1,168,medium,mid,0
irstd1k_000383.png,IRSTD_1k,val,1,128,medium,low,0
irstd1k_000388.png,IRSTD_1k,val,1,52,small,low,0
irstd1k_000392.png,IRSTD_1k,val,1,50,small,mid,0
irstd1k_000398.png,IRSTD_1k,val,1,49,small,high,0
irstd1k_000415.png,IRSTD_1k,val,1,255,medium,mid,0
irstd1k_000418.png,IRSTD_1k,val,1,20,tiny,mid,0
irstd1k_000420.png,IRSTD_1k,val,1,30,tiny,high,0
irstd1k_000432.png,IRSTD_1k,val,1,164,medium,mid,0
irstd1k_000433.png,IRSTD_1k,val,1,54,small,high,0
irstd1k_000458.png,IRSTD_1k,val,1,312,medium,high,0
irstd1k_000466.png,IRSTD_1k,val,1,165,medium,high,0
irstd1k_000473.png,IRSTD_1k,val,1,49,small,low,0
irstd1k_000476.png,IRSTD_1k,val,1,12,tiny,low,0
irstd1k_000508.png,IRSTD_1k,val,1,384,medium,high,0
irstd1k_000509.png,IRSTD_1k,val,1,88,small,mid,0
irstd1k_000514.png,IRSTD_1k,val,1,36,small,low,0
irstd1k_000516.png,IRSTD_1k,val,1,96,medium,low,0
irstd1k_000517.png,IRSTD_1k,val,1,205,medium,low,0
irstd1k_000518.png,IRSTD_1k,val,1,30,tiny,mid,0
irstd1k_000525.png,IRSTD_1k,val,1,63,small,high,0
irstd1k_000526.png,IRSTD_1k,val,1,20,tiny,high,0
irstd1k_000534.png,IRSTD_1k,val,1,875,medium,high,0
irstd1k_000544.png,IRSTD_1k,val,1,25,tiny,mid,0
irstd1k_000552.png,IRSTD_1k,val,1,12,tiny,high,0
irstd1k_000556.png,IRSTD_1k,val,1,152,medium,mid,0
irstd1k_000557.png,IRSTD_1k,val,1,50,small,low,0
irstd1k_000559.png,IRSTD_1k,val,1,183,medium,mid,0
irstd1k_000571.png,IRSTD_1k,val,1,29,tiny,mid,0
irstd1k_000586.png,IRSTD_1k,val,1,306,medium,mid,0
irstd1k_000587.png,IRSTD_1k,val,1,252,medium,mid,0
irstd1k_000591.png,IRSTD_1k,val,1,72,small,high,0
irstd1k_000595.png,IRSTD_1k,val,1,21,tiny,high,0
irstd1k_000610.png,IRSTD_1k,val,1,456,medium,low,0
irstd1k_000616.png,IRSTD_1k,val,1,48,small,high,0
irstd1k_000625.png,IRSTD_1k,val,1,15,tiny,low,0
irstd1k_000633.png,IRSTD_1k,val,1,84,small,mid,0
irstd1k_000636.png,IRSTD_1k,val,1,42,small,high,0
irstd1k_000651.png,IRSTD_1k,val,1,140,medium,mid,0
irstd1k_000667.png,IRSTD_1k,val,1,12,tiny,high,0
irstd1k_000671.png,IRSTD_1k,val,1,16,tiny,mid,0
irstd1k_000677.png,IRSTD_1k,val,1,68,small,low,0
irstd1k_000679.png,IRSTD_1k,val,1,84,small,high,0
irstd1k_000688.png,IRSTD_1k,val,1,84,small,high,0
irstd1k_000689.png,IRSTD_1k,val,1,30,tiny,high,0
irstd1k_000694.png,IRSTD_1k,val,1,30,tiny,high,0
irstd1k_000700.png,IRSTD_1k,val,1,42,small,low,0
irstd1k_000708.png,IRSTD_1k,val,1,230,medium,low,0
irstd1k_000709.png,IRSTD_1k,val,1,56,small,mid,0
irstd1k_000722.png,IRSTD_1k,val,1,9,tiny,mid,0
irstd1k_000736.png,IRSTD_1k,val,1,40,small,high,0
irstd1k_000752.png,IRSTD_1k,val,1,900,medium,mid,0
irstd1k_000754.png,IRSTD_1k,val,1,55,small,mid,0
irstd1k_000768.png,IRSTD_1k,val,1,72,small,high,0
irstd1k_000771.png,IRSTD_1k,val,1,8,tiny,high,0
irstd1k_000772.png,IRSTD_1k,val,1,442,medium,mid,0
irstd1k_000781.png,IRSTD_1k,val,1,69,small,low,0
irstd1k_000784.png,IRSTD_1k,val,1,40,small,mid,0
irstd1k_000799.png,IRSTD_1k,val,1,126,medium,high,0
irstd1k_000801.png,IRSTD_1k,val,1,25,tiny,low,0
irstd1k_000815.png,IRSTD_1k,val,1,111,medium,low,0
irstd1k_000819.png,IRSTD_1k,val,1,135,medium,high,0
irstd1k_000826.png,IRSTD_1k,val,1,24,tiny,low,0
irstd1k_000841.png,IRSTD_1k,val,1,27,tiny,mid,0
irstd1k_000842.png,IRSTD_1k,val,1,120,medium,mid,0
irstd1k_000845.png,IRSTD_1k,val,1,36,small,low,0
irstd1k_000856.png,IRSTD_1k,val,1,40,small,mid,0
irstd1k_000857.png,IRSTD_1k,val,1,49,small,low,0
irstd1k_000858.png,IRSTD_1k,val,1,40,small,low,0
irstd1k_000859.png,IRSTD_1k,val,1,14,tiny,mid,0
irstd1k_000860.png,IRSTD_1k,val,1,12,tiny,high,0
irstd1k_000861.png,IRSTD_1k,val,1,25,tiny,mid,0
irstd1k_000864.png,IRSTD_1k,val,1,121,medium,mid,0
irstd1k_000883.png,IRSTD_1k,val,1,49,small,low,0
irstd1k_000888.png,IRSTD_1k,val,1,36,small,high,0
irstd1k_000893.png,IRSTD_1k,val,1,96,medium,mid,0
irstd1k_000894.png,IRSTD_1k,val,1,312,medium,low,0
irstd1k_000901.png,IRSTD_1k,val,1,15,tiny,high,0
irstd1k_000904.png,IRSTD_1k,val,1,36,small,high,0
irstd1k_000906.png,IRSTD_1k,val,1,40,small,high,0
irstd1k_000907.png,IRSTD_1k,val,1,156,medium,high,0
irstd1k_000909.png,IRSTD_1k,val,1,70,small,mid,0
irstd1k_000911.png,IRSTD_1k,val,1,48,small,high,0
irstd1k_000916.png,IRSTD_1k,val,1,102,medium,low,0
irstd1k_000930.png,IRSTD_1k,val,1,12,tiny,mid,0
irstd1k_000932.png,IRSTD_1k,val,1,12,tiny,high,0
irstd1k_000933.png,IRSTD_1k,val,1,63,small,mid,0
irstd1k_000945.png,IRSTD_1k,val,1,32,tiny,high,0
irstd1k_000949.png,IRSTD_1k,val,1,28,tiny,mid,0
irstd1k_000952.png,IRSTD_1k,val,1,36,small,high,0
irstd1k_000953.png,IRSTD_1k,val,1,20,tiny,high,0
irstd1k_000958.png,IRSTD_1k,val,1,322,medium,low,0
irstd1k_000959.png,IRSTD_1k,val,1,90,small,low,0
irstd1k_000960.png,IRSTD_1k,val,1,60,small,mid,0
irstd1k_000977.png,IRSTD_1k,val,1,109,medium,high,0
irstd1k_000978.png,IRSTD_1k,val,1,48,small,high,0
irstd1k_000992.png,IRSTD_1k,val,1,16,tiny,mid,0
irstd1k_000994.png,IRSTD_1k,val,1,1935,medium,mid,0
irstd1k_001000.png,IRSTD_1k,val,1,9,tiny,low,0
nudt_000004.png,NUDT_SIRST,test,1,9,tiny,mid,0
nudt_000007.png,NUDT_SIRST,test,1,9,tiny,high,0
nudt_000018.png,NUDT_SIRST,test,1,9,tiny,low,0
nudt_000019.png,NUDT_SIRST,test,1,9,tiny,high,0
nudt_000035.png,NUDT_SIRST,test,1,9,tiny,mid,0
nudt_000046.png,NUDT_SIRST,test,1,18,tiny,high,0
nudt_000052.png,NUDT_SIRST,test,1,9,tiny,high,0
nudt_000065.png,NUDT_SIRST,test,1,9,tiny,mid,0
nudt_000068.png,NUDT_SIRST,test,1,18,tiny,low,0
nudt_000080.png,NUDT_SIRST,test,1,9,tiny,low,0
nudt_000100.png,NUDT_SIRST,test,1,35,tiny,high,0
nudt_000108.png,NUDT_SIRST,test,1,16,tiny,mid,0
nudt_000114.png,NUDT_SIRST,test,1,20,tiny,low,0
nudt_000115.png,NUDT_SIRST,test,1,44,small,low,0
nudt_000134.png,NUDT_SIRST,test,1,49,small,low,0
nudt_000136.png,NUDT_SIRST,test,1,48,small,mid,0
nudt_000143.png,NUDT_SIRST,test,1,44,small,mid,0
nudt_000144.png,NUDT_SIRST,test,1,44,small,mid,0
nudt_000148.png,NUDT_SIRST,test,1,52,small,high,0
nudt_000158.png,NUDT_SIRST,test,1,56,small,low,0
nudt_000168.png,NUDT_SIRST,test,1,67,small,high,0
nudt_000169.png,NUDT_SIRST,test,1,62,small,mid,0
nudt_000172.png,NUDT_SIRST,test,1,48,small,mid,0
nudt_000176.png,NUDT_SIRST,test,1,71,small,mid,0
nudt_000179.png,NUDT_SIRST,test,1,66,small,low,0
nudt_000186.png,NUDT_SIRST,test,1,60,small,low,0
nudt_000208.png,NUDT_SIRST,test,1,42,small,low,0
nudt_000209.png,NUDT_SIRST,test,1,36,small,mid,0
nudt_000215.png,NUDT_SIRST,test,1,76,small,mid,0
nudt_000243.png,NUDT_SIRST,test,1,112,medium,mid,0
nudt_000245.png,NUDT_SIRST,test,1,128,medium,mid,0
nudt_000246.png,NUDT_SIRST,test,1,140,medium,mid,0
nudt_000247.png,NUDT_SIRST,test,1,192,medium,mid,0
nudt_000248.png,NUDT_SIRST,test,1,126,medium,low,0
nudt_000255.png,NUDT_SIRST,test,1,140,medium,high,0
nudt_000261.png,NUDT_SIRST,test,1,278,medium,high,0
nudt_000263.png,NUDT_SIRST,test,1,135,medium,low,0
nudt_000266.png,NUDT_SIRST,test,1,128,medium,high,0
nudt_000278.png,NUDT_SIRST,test,1,112,medium,high,0
nudt_000283.png,NUDT_SIRST,test,1,180,medium,low,0
nudt_000285.png,NUDT_SIRST,test,1,144,medium,low,0
nudt_000287.png,NUDT_SIRST,test,1,168,medium,high,0
nudt_000293.png,NUDT_SIRST,test,1,180,medium,mid,0
nudt_000315.png,NUDT_SIRST,test,1,192,medium,low,0
nudt_000320.png,NUDT_SIRST,test,1,98,medium,high,0
nudt_000332.png,NUDT_SIRST,test,1,9,tiny,low,0
nudt_000343.png,NUDT_SIRST,test,1,9,tiny,low,0
nudt_000347.png,NUDT_SIRST,test,1,9,tiny,low,0
nudt_000357.png,NUDT_SIRST,test,1,9,tiny,low,0
nudt_000360.png,NUDT_SIRST,test,1,9,tiny,low,0
nudt_000361.png,NUDT_SIRST,test,1,9,tiny,low,0
nudt_000372.png,NUDT_SIRST,test,1,18,tiny,low,0
nudt_000383.png,NUDT_SIRST,test,1,9,tiny,low,0
nudt_000387.png,NUDT_SIRST,test,1,9,tiny,mid,0
nudt_000395.png,NUDT_SIRST,test,1,9,tiny,low,0
nudt_000400.png,NUDT_SIRST,test,1,34,tiny,low,0
nudt_000401.png,NUDT_SIRST,test,1,38,small,low,0
nudt_000403.png,NUDT_SIRST,test,1,20,tiny,mid,0
nudt_000411.png,NUDT_SIRST,test,1,20,tiny,mid,0
nudt_000414.png,NUDT_SIRST,test,1,40,small,high,0
nudt_000439.png,NUDT_SIRST,test,1,210,medium,low,0
nudt_000440.png,NUDT_SIRST,test,1,372,medium,low,0
nudt_000455.png,NUDT_SIRST,test,1,120,medium,low,0
nudt_000469.png,NUDT_SIRST,test,1,105,medium,low,0
nudt_000472.png,NUDT_SIRST,test,1,144,medium,mid,0
nudt_000473.png,NUDT_SIRST,test,1,105,medium,mid,0
nudt_000474.png,NUDT_SIRST,test,1,126,medium,low,0
nudt_000478.png,NUDT_SIRST,test,1,260,medium,mid,0
nudt_000483.png,NUDT_SIRST,test,1,112,medium,low,0
nudt_000486.png,NUDT_SIRST,test,1,180,medium,low,0
nudt_000499.png,NUDT_SIRST,test,1,168,medium,mid,0
nudt_000502.png,NUDT_SIRST,test,1,105,medium,low,0
nudt_000508.png,NUDT_SIRST,test,1,189,medium,high,0
nudt_000509.png,NUDT_SIRST,test,1,128,medium,mid,0
nudt_000518.png,NUDT_SIRST,test,1,256,medium,mid,0
nudt_000523.png,NUDT_SIRST,test,1,135,medium,mid,0
nudt_000524.png,NUDT_SIRST,test,1,20,tiny,low,0
nudt_000532.png,NUDT_SIRST,test,1,48,small,mid,0
nudt_000533.png,NUDT_SIRST,test,1,63,small,low,0
nudt_000536.png,NUDT_SIRST,test,1,30,tiny,low,0
nudt_000537.png,NUDT_SIRST,test,1,18,tiny,mid,0
nudt_000539.png,NUDT_SIRST,test,1,25,tiny,low,0
nudt_000555.png,NUDT_SIRST,test,1,180,medium,mid,0
nudt_000556.png,NUDT_SIRST,test,1,84,small,high,0
nudt_000558.png,NUDT_SIRST,test,1,112,medium,mid,0
nudt_000564.png,NUDT_SIRST,test,1,192,medium,mid,0
nudt_000568.png,NUDT_SIRST,test,1,98,medium,mid,0
nudt_000574.png,NUDT_SIRST,test,1,112,medium,low,0
nudt_000578.png,NUDT_SIRST,test,1,180,medium,low,0
nudt_000581.png,NUDT_SIRST,test,1,120,medium,mid,0
nudt_000582.png,NUDT_SIRST,test,1,91,medium,low,0
nudt_000587.png,NUDT_SIRST,test,1,180,medium,mid,0
nudt_000598.png,NUDT_SIRST,test,1,105,medium,high,0
nudt_000599.png,NUDT_SIRST,test,1,98,medium,low,0
nudt_000603.png,NUDT_SIRST,test,1,98,medium,mid,0
nudt_000610.png,NUDT_SIRST,test,1,18,tiny,mid,0
nudt_000617.png,NUDT_SIRST,test,1,20,tiny,mid,0
nudt_000618.png,NUDT_SIRST,test,1,18,tiny,high,0
nudt_000622.png,NUDT_SIRST,test,1,14,tiny,high,0
nudt_000627.png,NUDT_SIRST,test,1,35,tiny,high,0
nudt_000629.png,NUDT_SIRST,test,1,20,tiny,high,0
nudt_000633.png,NUDT_SIRST,test,1,15,tiny,high,0
nudt_000642.png,NUDT_SIRST,test,1,36,small,mid,0
nudt_000662.png,NUDT_SIRST,test,1,44,small,mid,0
nudt_000675.png,NUDT_SIRST,test,1,48,small,mid,0
nudt_000679.png,NUDT_SIRST,test,1,40,small,mid,0
nudt_000686.png,NUDT_SIRST,test,1,62,small,mid,0
nudt_000688.png,NUDT_SIRST,test,1,60,small,mid,0
nudt_000692.png,NUDT_SIRST,test,1,52,small,high,0
nudt_000706.png,NUDT_SIRST,test,1,71,small,low,0
nudt_000714.png,NUDT_SIRST,test,1,65,small,high,0
nudt_000715.png,NUDT_SIRST,test,1,78,small,mid,0
nudt_000716.png,NUDT_SIRST,test,1,66,small,mid,0
nudt_000720.png,NUDT_SIRST,test,1,28,tiny,high,0
nudt_000721.png,NUDT_SIRST,test,1,30,tiny,high,0
nudt_000728.png,NUDT_SIRST,test,1,64,small,mid,0
nudt_000729.png,NUDT_SIRST,test,1,40,small,high,0
nudt_000734.png,NUDT_SIRST,test,1,42,small,mid,0
nudt_000738.png,NUDT_SIRST,test,1,78,small,high,0
nudt_000739.png,NUDT_SIRST,test,1,76,small,high,0
nudt_000740.png,NUDT_SIRST,test,1,98,medium,high,0
nudt_000752.png,NUDT_SIRST,test,1,18,tiny,mid,0
nudt_000753.png,NUDT_SIRST,test,1,16,tiny,mid,0
nudt_000766.png,NUDT_SIRST,test,1,15,tiny,low,0
nudt_000773.png,NUDT_SIRST,test,1,31,tiny,low,0
nudt_000784.png,NUDT_SIRST,test,1,31,tiny,mid,0
nudt_000787.png,NUDT_SIRST,test,1,15,tiny,low,0
nudt_000790.png,NUDT_SIRST,test,1,38,small,low,0
nudt_000801.png,NUDT_SIRST,test,1,34,tiny,low,0
nudt_000822.png,NUDT_SIRST,test,1,45,small,low,0
nudt_000832.png,NUDT_SIRST,test,1,40,small,low,0
nudt_000834.png,NUDT_SIRST,test,1,65,small,low,0
nudt_000848.png,NUDT_SIRST,test,1,48,small,low,0
nudt_000853.png,NUDT_SIRST,test,1,60,small,low,0
nudt_000859.png,NUDT_SIRST,test,1,56,small,mid,0
nudt_000873.png,NUDT_SIRST,test,1,200,medium,mid,0
nudt_000874.png,NUDT_SIRST,test,1,240,medium,mid,0
nudt_000907.png,NUDT_SIRST,test,1,180,medium,low,0
nudt_000909.png,NUDT_SIRST,test,1,190,medium,mid,0
nudt_000911.png,NUDT_SIRST,test,1,76,small,low,0
nudt_000912.png,NUDT_SIRST,test,1,120,medium,mid,0
nudt_000920.png,NUDT_SIRST,test,1,160,medium,high,0
nudt_000921.png,NUDT_SIRST,test,1,120,medium,high,0
nudt_000928.png,NUDT_SIRST,test,1,76,small,high,0
nudt_000931.png,NUDT_SIRST,test,1,200,medium,mid,0
nudt_000932.png,NUDT_SIRST,test,1,180,medium,high,0
nudt_000939.png,NUDT_SIRST,test,1,90,small,mid,0
nudt_000965.png,NUDT_SIRST,test,1,160,medium,mid,0
nudt_000967.png,NUDT_SIRST,test,1,220,medium,high,0
nudt_000972.png,NUDT_SIRST,test,1,102,medium,mid,0
nudt_000988.png,NUDT_SIRST,test,1,100,medium,mid,0
nudt_000994.png,NUDT_SIRST,test,1,80,small,mid,0
nudt_001003.png,NUDT_SIRST,test,1,80,small,high,0
nudt_001010.png,NUDT_SIRST,test,1,114,medium,high,0
nudt_001021.png,NUDT_SIRST,test,1,100,medium,high,0
nudt_001032.png,NUDT_SIRST,test,1,220,medium,low,0
nudt_001046.png,NUDT_SIRST,test,1,100,medium,mid,0
nudt_001058.png,NUDT_SIRST,test,1,114,medium,mid,0
nudt_001063.png,NUDT_SIRST,test,1,90,small,low,0
nudt_001065.png,NUDT_SIRST,test,1,152,medium,high,0
nudt_001073.png,NUDT_SIRST,test,1,220,medium,low,0
nudt_001083.png,NUDT_SIRST,test,1,76,small,mid,0
nudt_001091.png,NUDT_SIRST,test,1,190,medium,high,0
nudt_001106.png,NUDT_SIRST,test,1,9,tiny,low,0
nudt_001114.png,NUDT_SIRST,test,1,27,tiny,low,0
nudt_001119.png,NUDT_SIRST,test,1,9,tiny,low,0
nudt_001122.png,NUDT_SIRST,test,1,9,tiny,low,0
nudt_001149.png,NUDT_SIRST,test,1,9,tiny,low,0
nudt_001161.png,NUDT_SIRST,test,1,9,tiny,low,0
nudt_001172.png,NUDT_SIRST,test,1,9,tiny,low,0
nudt_001175.png,NUDT_SIRST,test,1,9,tiny,low,0
nudt_001191.png,NUDT_SIRST,test,1,18,tiny,low,0
nudt_001195.png,NUDT_SIRST,test,1,36,small,mid,0
nudt_001200.png,NUDT_SIRST,test,1,9,tiny,mid,0
nudt_001201.png,NUDT_SIRST,test,1,9,tiny,low,0
nudt_001202.png,NUDT_SIRST,test,1,9,tiny,low,0
nudt_001204.png,NUDT_SIRST,test,1,36,small,low,0
nudt_001208.png,NUDT_SIRST,test,1,9,tiny,low,0
nudt_001222.png,NUDT_SIRST,test,1,9,tiny,low,0
nudt_001224.png,NUDT_SIRST,test,1,9,tiny,low,0
nudt_001225.png,NUDT_SIRST,test,1,9,tiny,mid,0
nudt_001228.png,NUDT_SIRST,test,1,9,tiny,low,0
nudt_001236.png,NUDT_SIRST,test,1,9,tiny,mid,0
nudt_001240.png,NUDT_SIRST,test,1,36,small,low,0
nudt_001241.png,NUDT_SIRST,test,1,9,tiny,low,0
nudt_001244.png,NUDT_SIRST,test,1,9,tiny,low,0
nudt_001246.png,NUDT_SIRST,test,1,36,small,low,0
nudt_001247.png,NUDT_SIRST,test,1,9,tiny,low,0
nudt_001254.png,NUDT_SIRST,test,1,84,small,high,0
nudt_001270.png,NUDT_SIRST,test,1,128,medium,high,0
nudt_001274.png,NUDT_SIRST,test,1,98,medium,high,0
nudt_001276.png,NUDT_SIRST,test,1,98,medium,high,0
nudt_001278.png,NUDT_SIRST,test,1,84,small,high,0
nudt_001281.png,NUDT_SIRST,test,1,72,small,mid,0
nudt_001292.png,NUDT_SIRST,test,1,18,tiny,high,0
nudt_001304.png,NUDT_SIRST,test,1,42,small,mid,0
nudt_001313.png,NUDT_SIRST,test,1,98,medium,mid,0
nudt_001323.png,NUDT_SIRST,test,1,96,medium,mid,0
nudt_000001.png,NUDT_SIRST,train,1,9,tiny,high,0
nudt_000002.png,NUDT_SIRST,train,1,9,tiny,high,0
nudt_000003.png,NUDT_SIRST,train,1,9,tiny,high,0
nudt_000005.png,NUDT_SIRST,train,1,9,tiny,high,0
nudt_000008.png,NUDT_SIRST,train,1,27,tiny,high,0
nudt_000009.png,NUDT_SIRST,train,1,27,tiny,high,0
nudt_000010.png,NUDT_SIRST,train,1,9,tiny,high,0
nudt_000011.png,NUDT_SIRST,train,1,9,tiny,high,0
nudt_000012.png,NUDT_SIRST,train,1,18,tiny,low,0
nudt_000013.png,NUDT_SIRST,train,1,18,tiny,high,0
nudt_000014.png,NUDT_SIRST,train,1,9,tiny,mid,0
nudt_000015.png,NUDT_SIRST,train,1,9,tiny,mid,0
nudt_000016.png,NUDT_SIRST,train,1,9,tiny,mid,0
nudt_000017.png,NUDT_SIRST,train,1,9,tiny,low,0
nudt_000020.png,NUDT_SIRST,train,1,9,tiny,low,0
nudt_000021.png,NUDT_SIRST,train,1,9,tiny,low,0
nudt_000022.png,NUDT_SIRST,train,1,9,tiny,mid,0
nudt_000023.png,NUDT_SIRST,train,1,9,tiny,high,0
nudt_000025.png,NUDT_SIRST,train,1,9,tiny,mid,0
nudt_000026.png,NUDT_SIRST,train,1,9,tiny,high,0
nudt_000027.png,NUDT_SIRST,train,1,18,tiny,high,0
nudt_000028.png,NUDT_SIRST,train,1,9,tiny,high,0
nudt_000029.png,NUDT_SIRST,train,1,9,tiny,high,0
nudt_000030.png,NUDT_SIRST,train,1,9,tiny,high,0
nudt_000031.png,NUDT_SIRST,train,1,18,tiny,mid,0
nudt_000032.png,NUDT_SIRST,train,1,9,tiny,high,0
nudt_000034.png,NUDT_SIRST,train,1,9,tiny,mid,0
nudt_000037.png,NUDT_SIRST,train,1,9,tiny,low,0
nudt_000038.png,NUDT_SIRST,train,1,36,small,high,0
nudt_000039.png,NUDT_SIRST,train,1,9,tiny,high,0
nudt_000040.png,NUDT_SIRST,train,1,9,tiny,mid,0
nudt_000041.png,NUDT_SIRST,train,1,36,small,high,0
nudt_000042.png,NUDT_SIRST,train,1,9,tiny,mid,0
nudt_000043.png,NUDT_SIRST,train,1,9,tiny,mid,0
nudt_000044.png,NUDT_SIRST,train,1,9,tiny,mid,0
nudt_000045.png,NUDT_SIRST,train,1,9,tiny,mid,0
nudt_000047.png,NUDT_SIRST,train,1,9,tiny,mid,0
nudt_000049.png,NUDT_SIRST,train,1,9,tiny,low,0
nudt_000050.png,NUDT_SIRST,train,1,9,tiny,mid,0
nudt_000051.png,NUDT_SIRST,train,1,27,tiny,mid,0
nudt_000053.png,NUDT_SIRST,train,1,9,tiny,low,0
nudt_000054.png,NUDT_SIRST,train,1,27,tiny,low,0
nudt_000055.png,NUDT_SIRST,train,1,9,tiny,low,0
nudt_000056.png,NUDT_SIRST,train,1,9,tiny,low,0
nudt_000058.png,NUDT_SIRST,train,1,9,tiny,low,0
nudt_000059.png,NUDT_SIRST,train,1,36,small,low,0
nudt_000060.png,NUDT_SIRST,train,1,9,tiny,low,0
nudt_000061.png,NUDT_SIRST,train,1,36,small,low,0
nudt_000062.png,NUDT_SIRST,train,1,36,small,high,0
nudt_000063.png,NUDT_SIRST,train,1,9,tiny,low,0
nudt_000064.png,NUDT_SIRST,train,1,9,tiny,high,0
nudt_000066.png,NUDT_SIRST,train,1,9,tiny,low,0
nudt_000067.png,NUDT_SIRST,train,1,9,tiny,low,0
nudt_000069.png,NUDT_SIRST,train,1,27,tiny,low,0
nudt_000070.png,NUDT_SIRST,train,1,9,tiny,high,0
nudt_000071.png,NUDT_SIRST,train,1,18,tiny,low,0
nudt_000072.png,NUDT_SIRST,train,1,9,tiny,low,0
nudt_000073.png,NUDT_SIRST,train,1,9,tiny,low,0
nudt_000074.png,NUDT_SIRST,train,1,9,tiny,low,0
nudt_000076.png,NUDT_SIRST,train,1,9,tiny,low,0
nudt_000077.png,NUDT_SIRST,train,1,9,tiny,low,0
nudt_000078.png,NUDT_SIRST,train,1,9,tiny,mid,0
nudt_000079.png,NUDT_SIRST,train,1,9,tiny,high,0
nudt_000081.png,NUDT_SIRST,train,1,9,tiny,low,0
nudt_000083.png,NUDT_SIRST,train,1,9,tiny,high,0
nudt_000084.png,NUDT_SIRST,train,1,9,tiny,high,0
nudt_000085.png,NUDT_SIRST,train,1,9,tiny,low,0
nudt_000086.png,NUDT_SIRST,train,1,36,small,low,0
nudt_000087.png,NUDT_SIRST,train,1,9,tiny,low,0
nudt_000088.png,NUDT_SIRST,train,1,9,tiny,mid,0
nudt_000090.png,NUDT_SIRST,train,1,9,tiny,high,0
nudt_000091.png,NUDT_SIRST,train,1,9,tiny,high,0
nudt_000092.png,NUDT_SIRST,train,1,9,tiny,high,0
nudt_000093.png,NUDT_SIRST,train,1,31,tiny,low,0
nudt_000094.png,NUDT_SIRST,train,1,31,tiny,mid,0
nudt_000095.png,NUDT_SIRST,train,1,15,tiny,high,0
nudt_000096.png,NUDT_SIRST,train,1,33,tiny,high,0
nudt_000097.png,NUDT_SIRST,train,1,34,tiny,low,0
nudt_000098.png,NUDT_SIRST,train,1,15,tiny,low,0
nudt_000099.png,NUDT_SIRST,train,1,30,tiny,mid,0
nudt_000101.png,NUDT_SIRST,train,1,30,tiny,mid,0
nudt_000102.png,NUDT_SIRST,train,1,15,tiny,low,0
nudt_000104.png,NUDT_SIRST,train,1,31,tiny,low,0
nudt_000105.png,NUDT_SIRST,train,1,31,tiny,low,0
nudt_000109.png,NUDT_SIRST,train,1,34,tiny,low,0
nudt_000110.png,NUDT_SIRST,train,1,40,small,low,0
nudt_000111.png,NUDT_SIRST,train,1,34,tiny,mid,0
nudt_000112.png,NUDT_SIRST,train,1,24,tiny,low,0
nudt_000113.png,NUDT_SIRST,train,1,36,small,low,0
nudt_000116.png,NUDT_SIRST,train,1,40,small,mid,0
nudt_000117.png,NUDT_SIRST,train,1,49,small,high,0
nudt_000118.png,NUDT_SIRST,train,1,40,small,mid,0
nudt_000119.png,NUDT_SIRST,train,1,41,small,high,0
nudt_000121.png,NUDT_SIRST,train,1,50,small,mid,0
nudt_000122.png,NUDT_SIRST,train,1,46,small,low,0
nudt_000123.png,NUDT_SIRST,train,1,40,small,mid,0
nudt_000124.png,NUDT_SIRST,train,1,36,small,high,0
nudt_000125.png,NUDT_SIRST,train,1,36,small,high,0
nudt_000126.png,NUDT_SIRST,train,1,20,tiny,high,0
nudt_000127.png,NUDT_SIRST,train,1,49,small,high,0
nudt_000128.png,NUDT_SIRST,train,1,41,small,high,0
nudt_000129.png,NUDT_SIRST,train,1,24,tiny,low,0
nudt_000131.png,NUDT_SIRST,train,1,45,small,high,0
nudt_000132.png,NUDT_SIRST,train,1,45,small,mid,0
nudt_000133.png,NUDT_SIRST,train,1,45,small,low,0
nudt_000135.png,NUDT_SIRST,train,1,40,small,low,0
nudt_000137.png,NUDT_SIRST,train,1,47,small,mid,0
nudt_000138.png,NUDT_SIRST,train,1,20,tiny,high,0
nudt_000139.png,NUDT_SIRST,train,1,40,small,mid,0
nudt_000140.png,NUDT_SIRST,train,1,44,small,mid,0
nudt_000141.png,NUDT_SIRST,train,1,40,small,high,0
nudt_000145.png,NUDT_SIRST,train,1,24,tiny,mid,0
nudt_000146.png,NUDT_SIRST,train,1,40,small,high,0
nudt_000150.png,NUDT_SIRST,train,1,20,tiny,high,0
nudt_000151.png,NUDT_SIRST,train,1,44,small,low,0
nudt_000152.png,NUDT_SIRST,train,1,40,small,mid,0
nudt_000153.png,NUDT_SIRST,train,1,40,small,low,0
nudt_000154.png,NUDT_SIRST,train,1,42,small,high,0
nudt_000155.png,NUDT_SIRST,train,1,24,tiny,mid,0
nudt_000156.png,NUDT_SIRST,train,1,61,small,low,0
nudt_000157.png,NUDT_SIRST,train,1,24,tiny,mid,0
nudt_000159.png,NUDT_SIRST,train,1,59,small,low,0
nudt_000160.png,NUDT_SIRST,train,1,62,small,mid,0
nudt_000161.png,NUDT_SIRST,train,1,62,small,low,0
nudt_000162.png,NUDT_SIRST,train,1,60,small,low,0
nudt_000163.png,NUDT_SIRST,train,1,48,small,low,0
nudt_000165.png,NUDT_SIRST,train,1,52,small,mid,0
nudt_000166.png,NUDT_SIRST,train,1,54,small,mid,0
nudt_000167.png,NUDT_SIRST,train,1,56,small,low,0
nudt_000170.png,NUDT_SIRST,train,1,64,small,high,0
nudt_000171.png,NUDT_SIRST,train,1,30,tiny,high,0
nudt_000173.png,NUDT_SIRST,train,1,30,tiny,mid,0
nudt_000174.png,NUDT_SIRST,train,1,48,small,mid,0
nudt_000175.png,NUDT_SIRST,train,1,30,tiny,mid,0
nudt_000177.png,NUDT_SIRST,train,1,65,small,mid,0
nudt_000180.png,NUDT_SIRST,train,1,60,small,low,0
nudt_000181.png,NUDT_SIRST,train,1,71,small,mid,0
nudt_000182.png,NUDT_SIRST,train,1,55,small,high,0
nudt_000183.png,NUDT_SIRST,train,1,64,small,high,0
nudt_000184.png,NUDT_SIRST,train,1,58,small,low,0
nudt_000185.png,NUDT_SIRST,train,1,60,small,low,0
nudt_000187.png,NUDT_SIRST,train,1,64,small,high,0
nudt_000188.png,NUDT_SIRST,train,1,68,small,mid,0
nudt_000189.png,NUDT_SIRST,train,1,65,small,mid,0
nudt_000193.png,NUDT_SIRST,train,1,65,small,low,0
nudt_000194.png,NUDT_SIRST,train,1,67,small,mid,0
nudt_000195.png,NUDT_SIRST,train,1,35,tiny,mid,0
nudt_000196.png,NUDT_SIRST,train,1,30,tiny,mid,0
nudt_000197.png,NUDT_SIRST,train,1,60,small,mid,0
nudt_000198.png,NUDT_SIRST,train,1,58,small,mid,0
nudt_000199.png,NUDT_SIRST,train,1,48,small,mid,0
nudt_000200.png,NUDT_SIRST,train,1,66,small,low,0
nudt_000201.png,NUDT_SIRST,train,1,70,small,mid,0
nudt_000203.png,NUDT_SIRST,train,1,64,small,low,0
nudt_000204.png,NUDT_SIRST,train,1,80,small,mid,0
nudt_000205.png,NUDT_SIRST,train,1,84,small,low,0
nudt_000206.png,NUDT_SIRST,train,1,66,small,mid,0
nudt_000207.png,NUDT_SIRST,train,1,77,small,mid,0
nudt_000210.png,NUDT_SIRST,train,1,70,small,high,0
nudt_000211.png,NUDT_SIRST,train,1,74,small,high,0
nudt_000212.png,NUDT_SIRST,train,1,35,tiny,low,0
nudt_000213.png,NUDT_SIRST,train,1,77,small,high,0
nudt_000214.png,NUDT_SIRST,train,1,78,small,low,0
nudt_000216.png,NUDT_SIRST,train,1,98,medium,high,0
nudt_000217.png,NUDT_SIRST,train,1,72,small,mid,0
nudt_000218.png,NUDT_SIRST,train,1,84,small,high,0
nudt_000219.png,NUDT_SIRST,train,1,91,medium,mid,0
nudt_000220.png,NUDT_SIRST,train,1,97,medium,high,0
nudt_000221.png,NUDT_SIRST,train,1,96,medium,mid,0
nudt_000222.png,NUDT_SIRST,train,1,35,tiny,mid,0
nudt_000223.png,NUDT_SIRST,train,1,70,small,high,0
nudt_000224.png,NUDT_SIRST,train,1,48,small,mid,0
nudt_000225.png,NUDT_SIRST,train,1,114,medium,mid,0
nudt_000226.png,NUDT_SIRST,train,1,82,small,low,0
nudt_000227.png,NUDT_SIRST,train,1,100,medium,low,0
nudt_000228.png,NUDT_SIRST,train,1,85,small,mid,0
nudt_000229.png,NUDT_SIRST,train,1,84,small,mid,0
nudt_000230.png,NUDT_SIRST,train,1,98,medium,high,0
nudt_000231.png,NUDT_SIRST,train,1,94,medium,mid,0
nudt_000233.png,NUDT_SIRST,train,1,98,medium,high,0
nudt_000234.png,NUDT_SIRST,train,1,98,medium,mid,0
nudt_000235.png,NUDT_SIRST,train,1,180,medium,high,0
nudt_000236.png,NUDT_SIRST,train,1,135,medium,mid,0
nudt_000237.png,NUDT_SIRST,train,1,105,medium,low,0
nudt_000238.png,NUDT_SIRST,train,1,208,medium,mid,0
nudt_000239.png,NUDT_SIRST,train,1,278,medium,mid,0
nudt_000240.png,NUDT_SIRST,train,1,196,medium,mid,0
nudt_000242.png,NUDT_SIRST,train,1,303,medium,high,0
nudt_000244.png,NUDT_SIRST,train,1,208,medium,low,0
nudt_000249.png,NUDT_SIRST,train,1,91,medium,low,0
nudt_000250.png,NUDT_SIRST,train,1,208,medium,low,0
nudt_000251.png,NUDT_SIRST,train,1,144,medium,mid,0
nudt_000252.png,NUDT_SIRST,train,1,128,medium,high,0
nudt_000254.png,NUDT_SIRST,train,1,275,medium,high,0
nudt_000256.png,NUDT_SIRST,train,1,204,medium,mid,0
nudt_000259.png,NUDT_SIRST,train,1,249,medium,mid,0
nudt_000260.png,NUDT_SIRST,train,1,126,medium,mid,0
nudt_000262.png,NUDT_SIRST,train,1,140,medium,low,0
nudt_000264.png,NUDT_SIRST,train,1,112,medium,high,0
nudt_000265.png,NUDT_SIRST,train,1,84,small,mid,0
nudt_000267.png,NUDT_SIRST,train,1,254,medium,low,0
nudt_000268.png,NUDT_SIRST,train,1,144,medium,mid,0
nudt_000272.png,NUDT_SIRST,train,1,297,medium,mid,0
nudt_000273.png,NUDT_SIRST,train,1,105,medium,mid,0
nudt_000274.png,NUDT_SIRST,train,1,144,medium,high,0
nudt_000276.png,NUDT_SIRST,train,1,192,medium,high,0
nudt_000277.png,NUDT_SIRST,train,1,192,medium,mid,0
nudt_000279.png,NUDT_SIRST,train,1,112,medium,mid,0
nudt_000281.png,NUDT_SIRST,train,1,135,medium,mid,0
nudt_000282.png,NUDT_SIRST,train,1,98,medium,high,0
nudt_000284.png,NUDT_SIRST,train,1,180,medium,mid,0
nudt_000286.png,NUDT_SIRST,train,1,91,medium,low,0
nudt_000288.png,NUDT_SIRST,train,1,112,medium,low,0
nudt_000289.png,NUDT_SIRST,train,1,240,medium,mid,0
nudt_000290.png,NUDT_SIRST,train,1,126,medium,high,0
nudt_000291.png,NUDT_SIRST,train,1,210,medium,mid,0
nudt_000292.png,NUDT_SIRST,train,1,209,medium,low,0
nudt_000294.png,NUDT_SIRST,train,1,263,medium,high,0
nudt_000295.png,NUDT_SIRST,train,1,259,medium,high,0
nudt_000296.png,NUDT_SIRST,train,1,140,medium,high,0
nudt_000297.png,NUDT_SIRST,train,1,135,medium,low,0
nudt_000298.png,NUDT_SIRST,train,1,252,medium,low,0
nudt_000299.png,NUDT_SIRST,train,1,208,medium,low,0
nudt_000300.png,NUDT_SIRST,train,1,112,medium,high,0
nudt_000301.png,NUDT_SIRST,train,1,105,medium,mid,0
nudt_000303.png,NUDT_SIRST,train,1,112,medium,mid,0
nudt_000304.png,NUDT_SIRST,train,1,112,medium,high,0
nudt_000305.png,NUDT_SIRST,train,1,128,medium,low,0
nudt_000306.png,NUDT_SIRST,train,1,208,medium,high,0
nudt_000308.png,NUDT_SIRST,train,1,208,medium,high,0
nudt_000309.png,NUDT_SIRST,train,1,140,medium,mid,0
nudt_000311.png,NUDT_SIRST,train,1,105,medium,mid,0
nudt_000312.png,NUDT_SIRST,train,1,140,medium,high,0
nudt_000313.png,NUDT_SIRST,train,1,208,medium,high,0
nudt_000314.png,NUDT_SIRST,train,1,126,medium,mid,0
nudt_000316.png,NUDT_SIRST,train,1,297,medium,high,0
nudt_000317.png,NUDT_SIRST,train,1,208,medium,low,0
nudt_000318.png,NUDT_SIRST,train,1,91,medium,mid,0
nudt_000319.png,NUDT_SIRST,train,1,140,medium,low,0
nudt_000321.png,NUDT_SIRST,train,1,205,medium,mid,0
nudt_000322.png,NUDT_SIRST,train,1,144,medium,mid,0
nudt_000323.png,NUDT_SIRST,train,1,252,medium,mid,0
nudt_000324.png,NUDT_SIRST,train,1,9,tiny,low,0
nudt_000325.png,NUDT_SIRST,train,1,27,tiny,low,0
nudt_000326.png,NUDT_SIRST,train,1,9,tiny,low,0
nudt_000327.png,NUDT_SIRST,train,1,9,tiny,low,0
nudt_000328.png,NUDT_SIRST,train,1,9,tiny,low,0
nudt_000330.png,NUDT_SIRST,train,1,9,tiny,low,0
nudt_000331.png,NUDT_SIRST,train,1,36,small,low,0
nudt_000333.png,NUDT_SIRST,train,1,9,tiny,low,0
nudt_000334.png,NUDT_SIRST,train,1,9,tiny,low,0
nudt_000335.png,NUDT_SIRST,train,1,9,tiny,low,0
nudt_000336.png,NUDT_SIRST,train,1,9,tiny,low,0
nudt_000337.png,NUDT_SIRST,train,1,9,tiny,low,0
nudt_000339.png,NUDT_SIRST,train,1,27,tiny,low,0
nudt_000341.png,NUDT_SIRST,train,1,9,tiny,low,0
nudt_000342.png,NUDT_SIRST,train,1,36,small,mid,0
nudt_000344.png,NUDT_SIRST,train,1,9,tiny,low,0
nudt_000345.png,NUDT_SIRST,train,1,9,tiny,low,0
nudt_000346.png,NUDT_SIRST,train,1,9,tiny,low,0
nudt_000348.png,NUDT_SIRST,train,1,9,tiny,low,0
nudt_000349.png,NUDT_SIRST,train,1,18,tiny,low,0
nudt_000350.png,NUDT_SIRST,train,1,9,tiny,low,0
nudt_000351.png,NUDT_SIRST,train,1,36,small,low,0
nudt_000352.png,NUDT_SIRST,train,1,9,tiny,low,0
nudt_000353.png,NUDT_SIRST,train,1,18,tiny,low,0
nudt_000355.png,NUDT_SIRST,train,1,9,tiny,low,0
nudt_000356.png,NUDT_SIRST,train,1,9,tiny,low,0
nudt_000358.png,NUDT_SIRST,train,1,18,tiny,low,0
nudt_000362.png,NUDT_SIRST,train,1,18,tiny,low,0
nudt_000363.png,NUDT_SIRST,train,1,9,tiny,low,0
nudt_000364.png,NUDT_SIRST,train,1,27,tiny,low,0
nudt_000365.png,NUDT_SIRST,train,1,9,tiny,low,0
nudt_000366.png,NUDT_SIRST,train,1,9,tiny,low,0
nudt_000367.png,NUDT_SIRST,train,1,9,tiny,low,0
nudt_000368.png,NUDT_SIRST,train,1,9,tiny,low,0
nudt_000369.png,NUDT_SIRST,train,1,9,tiny,low,0
nudt_000370.png,NUDT_SIRST,train,1,9,tiny,low,0
nudt_000371.png,NUDT_SIRST,train,1,9,tiny,low,0
nudt_000373.png,NUDT_SIRST,train,1,9,tiny,low,0
nudt_000376.png,NUDT_SIRST,train,1,9,tiny,low,0
nudt_000378.png,NUDT_SIRST,train,1,9,tiny,low,0
nudt_000379.png,NUDT_SIRST,train,1,9,tiny,low,0
nudt_000380.png,NUDT_SIRST,train,1,9,tiny,low,0
nudt_000381.png,NUDT_SIRST,train,1,9,tiny,low,0
nudt_000384.png,NUDT_SIRST,train,1,36,small,low,0
nudt_000385.png,NUDT_SIRST,train,1,9,tiny,low,0
nudt_000386.png,NUDT_SIRST,train,1,9,tiny,low,0
nudt_000389.png,NUDT_SIRST,train,1,18,tiny,low,0
nudt_000390.png,NUDT_SIRST,train,1,27,tiny,low,0
nudt_000391.png,NUDT_SIRST,train,1,18,tiny,low,0
nudt_000392.png,NUDT_SIRST,train,1,9,tiny,low,0
nudt_000393.png,NUDT_SIRST,train,1,9,tiny,low,0
nudt_000394.png,NUDT_SIRST,train,1,9,tiny,low,0
nudt_000396.png,NUDT_SIRST,train,1,9,tiny,low,0
nudt_000397.png,NUDT_SIRST,train,1,27,tiny,low,0
nudt_000398.png,NUDT_SIRST,train,1,27,tiny,low,0
nudt_000399.png,NUDT_SIRST,train,1,9,tiny,low,0
nudt_000402.png,NUDT_SIRST,train,1,20,tiny,low,0
nudt_000404.png,NUDT_SIRST,train,1,36,small,mid,0
nudt_000405.png,NUDT_SIRST,train,1,34,tiny,low,0
nudt_000406.png,NUDT_SIRST,train,1,43,small,low,0
nudt_000407.png,NUDT_SIRST,train,1,38,small,high,0
nudt_000409.png,NUDT_SIRST,train,1,36,small,low,0
nudt_000410.png,NUDT_SIRST,train,1,35,tiny,high,0
nudt_000413.png,NUDT_SIRST,train,1,42,small,high,0
nudt_000415.png,NUDT_SIRST,train,1,20,tiny,mid,0
nudt_000416.png,NUDT_SIRST,train,1,20,tiny,high,0
nudt_000417.png,NUDT_SIRST,train,1,16,tiny,high,0
nudt_000418.png,NUDT_SIRST,train,1,40,small,high,0
nudt_000419.png,NUDT_SIRST,train,1,41,small,mid,0
nudt_000420.png,NUDT_SIRST,train,1,44,small,mid,0
nudt_000421.png,NUDT_SIRST,train,1,20,tiny,high,0
nudt_000422.png,NUDT_SIRST,train,1,16,tiny,high,0
nudt_000423.png,NUDT_SIRST,train,1,40,small,mid,0
nudt_000424.png,NUDT_SIRST,train,1,306,medium,low,0
nudt_000425.png,NUDT_SIRST,train,1,140,medium,low,0
nudt_000426.png,NUDT_SIRST,train,1,144,medium,low,0
nudt_000428.png,NUDT_SIRST,train,1,192,medium,low,0
nudt_000429.png,NUDT_SIRST,train,1,168,medium,low,0
nudt_000430.png,NUDT_SIRST,train,1,175,medium,low,0
nudt_000431.png,NUDT_SIRST,train,1,84,small,low,0
nudt_000432.png,NUDT_SIRST,train,1,266,medium,low,0
nudt_000434.png,NUDT_SIRST,train,1,126,medium,low,0
nudt_000435.png,NUDT_SIRST,train,1,233,medium,low,0
nudt_000436.png,NUDT_SIRST,train,1,98,medium,low,0
nudt_000437.png,NUDT_SIRST,train,1,208,medium,low,0
nudt_000438.png,NUDT_SIRST,train,1,233,medium,low,0
nudt_000441.png,NUDT_SIRST,train,1,140,medium,low,0
nudt_000443.png,NUDT_SIRST,train,1,128,medium,low,0
nudt_000444.png,NUDT_SIRST,train,1,320,medium,low,0
nudt_000446.png,NUDT_SIRST,train,1,98,medium,low,0
nudt_000447.png,NUDT_SIRST,train,1,168,medium,low,0
nudt_000448.png,NUDT_SIRST,train,1,135,medium,low,0
nudt_000449.png,NUDT_SIRST,train,1,245,medium,low,0
nudt_000450.png,NUDT_SIRST,train,1,304,medium,low,0
nudt_000451.png,NUDT_SIRST,train,1,292,medium,low,0
nudt_000452.png,NUDT_SIRST,train,1,120,medium,low,0
nudt_000454.png,NUDT_SIRST,train,1,91,medium,low,0
nudt_000456.png,NUDT_SIRST,train,1,189,medium,low,0
nudt_000457.png,NUDT_SIRST,train,1,285,medium,low,0
nudt_000459.png,NUDT_SIRST,train,1,168,medium,low,0
nudt_000460.png,NUDT_SIRST,train,1,98,medium,mid,0
nudt_000464.png,NUDT_SIRST,train,1,98,medium,low,0
nudt_000465.png,NUDT_SIRST,train,1,336,medium,mid,0
nudt_000466.png,NUDT_SIRST,train,1,84,small,mid,0
nudt_000467.png,NUDT_SIRST,train,1,177,medium,mid,0
nudt_000468.png,NUDT_SIRST,train,1,189,medium,mid,0
nudt_000470.png,NUDT_SIRST,train,1,112,medium,low,0
nudt_000475.png,NUDT_SIRST,train,1,120,medium,low,0
nudt_000476.png,NUDT_SIRST,train,1,180,medium,mid,0
nudt_000477.png,NUDT_SIRST,train,1,208,medium,mid,0
nudt_000479.png,NUDT_SIRST,train,1,112,medium,low,0
nudt_000480.png,NUDT_SIRST,train,1,219,medium,mid,0
nudt_000481.png,NUDT_SIRST,train,1,327,medium,low,0
nudt_000482.png,NUDT_SIRST,train,1,180,medium,mid,0
nudt_000484.png,NUDT_SIRST,train,1,249,medium,low,0
nudt_000485.png,NUDT_SIRST,train,1,276,medium,mid,0
nudt_000487.png,NUDT_SIRST,train,1,128,medium,mid,0
nudt_000489.png,NUDT_SIRST,train,1,217,medium,mid,0
nudt_000490.png,NUDT_SIRST,train,1,126,medium,mid,0
nudt_000491.png,NUDT_SIRST,train,1,272,medium,mid,0
nudt_000492.png,NUDT_SIRST,train,1,208,medium,mid,0
nudt_000493.png,NUDT_SIRST,train,1,249,medium,low,0
nudt_000494.png,NUDT_SIRST,train,1,252,medium,low,0
nudt_000495.png,NUDT_SIRST,train,1,91,medium,mid,0
nudt_000496.png,NUDT_SIRST,train,1,120,medium,mid,0
nudt_000497.png,NUDT_SIRST,train,1,242,medium,mid,0
nudt_000498.png,NUDT_SIRST,train,1,189,medium,mid,0
nudt_000501.png,NUDT_SIRST,train,1,210,medium,low,0
nudt_000503.png,NUDT_SIRST,train,1,210,medium,mid,0
nudt_000504.png,NUDT_SIRST,train,1,219,medium,high,0
nudt_000505.png,NUDT_SIRST,train,1,120,medium,mid,0
nudt_000506.png,NUDT_SIRST,train,1,208,medium,mid,0
nudt_000510.png,NUDT_SIRST,train,1,98,medium,high,0
nudt_000511.png,NUDT_SIRST,train,1,144,medium,high,0
nudt_000513.png,NUDT_SIRST,train,1,320,medium,mid,0
nudt_000514.png,NUDT_SIRST,train,1,144,medium,high,0
nudt_000516.png,NUDT_SIRST,train,1,98,medium,mid,0
nudt_000517.png,NUDT_SIRST,train,1,98,medium,high,0
nudt_000519.png,NUDT_SIRST,train,1,180,medium,high,0
nudt_000520.png,NUDT_SIRST,train,1,65,small,mid,0
nudt_000521.png,NUDT_SIRST,train,1,240,medium,high,0
nudt_000522.png,NUDT_SIRST,train,1,297,medium,mid,0
nudt_000525.png,NUDT_SIRST,train,1,24,tiny,low,0
nudt_000528.png,NUDT_SIRST,train,1,20,tiny,high,0
nudt_000529.png,NUDT_SIRST,train,1,16,tiny,high,0
nudt_000530.png,NUDT_SIRST,train,1,28,tiny,mid,0
nudt_000531.png,NUDT_SIRST,train,1,20,tiny,mid,0
nudt_000540.png,NUDT_SIRST,train,1,18,tiny,mid,0
nudt_000542.png,NUDT_SIRST,train,1,60,small,low,0
nudt_000545.png,NUDT_SIRST,train,1,16,tiny,low,0
nudt_000546.png,NUDT_SIRST,train,1,65,small,low,0
nudt_000547.png,NUDT_SIRST,train,1,105,medium,low,0
nudt_000548.png,NUDT_SIRST,train,1,112,medium,mid,0
nudt_000549.png,NUDT_SIRST,train,1,84,small,mid,0
nudt_000550.png,NUDT_SIRST,train,1,84,small,mid,0
nudt_000551.png,NUDT_SIRST,train,1,84,small,mid,0
nudt_000552.png,NUDT_SIRST,train,1,140,medium,mid,0
nudt_000557.png,NUDT_SIRST,train,1,126,medium,high,0
nudt_000559.png,NUDT_SIRST,train,1,84,small,mid,0
nudt_000560.png,NUDT_SIRST,train,1,140,medium,mid,0
nudt_000563.png,NUDT_SIRST,train,1,112,medium,low,0
nudt_000565.png,NUDT_SIRST,train,1,128,medium,low,0
nudt_000566.png,NUDT_SIRST,train,1,84,small,mid,0
nudt_000567.png,NUDT_SIRST,train,1,112,medium,mid,0
nudt_000570.png,NUDT_SIRST,train,1,144,medium,mid,0
nudt_000571.png,NUDT_SIRST,train,1,180,medium,low,0
nudt_000572.png,NUDT_SIRST,train,1,84,small,mid,0
nudt_000573.png,NUDT_SIRST,train,1,128,medium,mid,0
nudt_000579.png,NUDT_SIRST,train,1,91,medium,high,0
nudt_000583.png,NUDT_SIRST,train,1,84,small,mid,0
nudt_000584.png,NUDT_SIRST,train,1,112,medium,mid,0
nudt_000585.png,NUDT_SIRST,train,1,128,medium,mid,0
nudt_000586.png,NUDT_SIRST,train,1,180,medium,high,0
nudt_000588.png,NUDT_SIRST,train,1,98,medium,mid,0
nudt_000589.png,NUDT_SIRST,train,1,84,small,mid,0
nudt_000590.png,NUDT_SIRST,train,1,180,medium,mid,0
nudt_000593.png,NUDT_SIRST,train,1,126,medium,high,0
nudt_000594.png,NUDT_SIRST,train,1,112,medium,high,0
nudt_000595.png,NUDT_SIRST,train,1,65,small,high,0
nudt_000597.png,NUDT_SIRST,train,1,208,medium,high,0
nudt_000600.png,NUDT_SIRST,train,1,105,medium,low,0
nudt_000601.png,NUDT_SIRST,train,1,98,medium,high,0
nudt_000602.png,NUDT_SIRST,train,1,112,medium,mid,0
nudt_000604.png,NUDT_SIRST,train,1,18,tiny,high,0
nudt_000605.png,NUDT_SIRST,train,1,18,tiny,mid,0
nudt_000607.png,NUDT_SIRST,train,1,20,tiny,mid,0
nudt_000611.png,NUDT_SIRST,train,1,30,tiny,mid,0
nudt_000612.png,NUDT_SIRST,train,1,20,tiny,high,0
nudt_000613.png,NUDT_SIRST,train,1,40,small,mid,0
nudt_000614.png,NUDT_SIRST,train,1,20,tiny,mid,0
nudt_000615.png,NUDT_SIRST,train,1,30,tiny,mid,0
nudt_000616.png,NUDT_SIRST,train,1,40,small,mid,0
nudt_000619.png,NUDT_SIRST,train,1,15,tiny,mid,0
nudt_000620.png,NUDT_SIRST,train,1,32,tiny,mid,0
nudt_000621.png,NUDT_SIRST,train,1,30,tiny,mid,0
nudt_000623.png,NUDT_SIRST,train,1,15,tiny,high,0
nudt_000624.png,NUDT_SIRST,train,1,34,tiny,high,0
nudt_000626.png,NUDT_SIRST,train,1,33,tiny,high,0
nudt_000628.png,NUDT_SIRST,train,1,30,tiny,high,0
nudt_000631.png,NUDT_SIRST,train,1,15,tiny,high,0
nudt_000632.png,NUDT_SIRST,train,1,30,tiny,high,0
nudt_000634.png,NUDT_SIRST,train,1,16,tiny,high,0
nudt_000635.png,NUDT_SIRST,train,1,31,tiny,high,0
nudt_000637.png,NUDT_SIRST,train,1,36,small,mid,0
nudt_000638.png,NUDT_SIRST,train,1,34,tiny,high,0
nudt_000639.png,NUDT_SIRST,train,1,20,tiny,high,0
nudt_000640.png,NUDT_SIRST,train,1,38,small,high,0
nudt_000643.png,NUDT_SIRST,train,1,40,small,mid,0
nudt_000644.png,NUDT_SIRST,train,1,44,small,mid,0
nudt_000647.png,NUDT_SIRST,train,1,44,small,mid,0
nudt_000649.png,NUDT_SIRST,train,1,50,small,high,0
nudt_000650.png,NUDT_SIRST,train,1,38,small,mid,0
nudt_000651.png,NUDT_SIRST,train,1,48,small,high,0
nudt_000652.png,NUDT_SIRST,train,1,38,small,high,0
nudt_000653.png,NUDT_SIRST,train,1,36,small,mid,0
nudt_000654.png,NUDT_SIRST,train,1,38,small,high,0
nudt_000655.png,NUDT_SIRST,train,1,49,small,high,0
nudt_000656.png,NUDT_SIRST,train,1,41,small,low,0
nudt_000658.png,NUDT_SIRST,train,1,50,small,high,0
nudt_000660.png,NUDT_SIRST,train,1,49,small,high,0
nudt_000663.png,NUDT_SIRST,train,1,40,small,mid,0
nudt_000664.png,NUDT_SIRST,train,1,55,small,high,0
nudt_000666.png,NUDT_SIRST,train,1,40,small,low,0
nudt_000667.png,NUDT_SIRST,train,1,44,small,low,0
nudt_000669.png,NUDT_SIRST,train,1,65,small,low,0
nudt_000670.png,NUDT_SIRST,train,1,20,tiny,high,0
nudt_000671.png,NUDT_SIRST,train,1,48,small,mid,0
nudt_000672.png,NUDT_SIRST,train,1,44,small,mid,0
nudt_000673.png,NUDT_SIRST,train,1,20,tiny,mid,0
nudt_000674.png,NUDT_SIRST,train,1,40,small,low,0
nudt_000676.png,NUDT_SIRST,train,1,44,small,mid,0
nudt_000677.png,NUDT_SIRST,train,1,45,small,mid,0
nudt_000678.png,NUDT_SIRST,train,1,44,small,mid,0
nudt_000681.png,NUDT_SIRST,train,1,42,small,mid,0
nudt_000682.png,NUDT_SIRST,train,1,49,small,mid,0
nudt_000683.png,NUDT_SIRST,train,1,60,small,mid,0
nudt_000684.png,NUDT_SIRST,train,1,56,small,mid,0
nudt_000685.png,NUDT_SIRST,train,1,59,small,mid,0
nudt_000687.png,NUDT_SIRST,train,1,62,small,mid,0
nudt_000689.png,NUDT_SIRST,train,1,48,small,mid,0
nudt_000690.png,NUDT_SIRST,train,1,28,tiny,mid,0
nudt_000691.png,NUDT_SIRST,train,1,48,small,mid,0
nudt_000694.png,NUDT_SIRST,train,1,67,small,mid,0
nudt_000696.png,NUDT_SIRST,train,1,62,small,high,0
nudt_000697.png,NUDT_SIRST,train,1,64,small,mid,0
nudt_000698.png,NUDT_SIRST,train,1,54,small,high,0
nudt_000699.png,NUDT_SIRST,train,1,54,small,high,0
nudt_000700.png,NUDT_SIRST,train,1,48,small,low,0
nudt_000703.png,NUDT_SIRST,train,1,58,small,high,0
nudt_000704.png,NUDT_SIRST,train,1,66,small,high,0
nudt_000705.png,NUDT_SIRST,train,1,60,small,mid,0
nudt_000707.png,NUDT_SIRST,train,1,55,small,high,0
nudt_000709.png,NUDT_SIRST,train,1,58,small,mid,0
nudt_000710.png,NUDT_SIRST,train,1,60,small,mid,0
nudt_000711.png,NUDT_SIRST,train,1,60,small,low,0
nudt_000712.png,NUDT_SIRST,train,1,64,small,mid,0
nudt_000719.png,NUDT_SIRST,train,1,67,small,low,0
nudt_000722.png,NUDT_SIRST,train,1,60,small,mid,0
nudt_000723.png,NUDT_SIRST,train,1,58,small,low,0
nudt_000726.png,NUDT_SIRST,train,1,70,small,mid,0
nudt_000727.png,NUDT_SIRST,train,1,77,small,mid,0
nudt_000730.png,NUDT_SIRST,train,1,82,small,low,0
nudt_000731.png,NUDT_SIRST,train,1,42,small,mid,0
nudt_000732.png,NUDT_SIRST,train,1,30,tiny,high,0
nudt_000733.png,NUDT_SIRST,train,1,77,small,mid,0
nudt_000735.png,NUDT_SIRST,train,1,36,small,mid,0
nudt_000736.png,NUDT_SIRST,train,1,77,small,high,0
nudt_000737.png,NUDT_SIRST,train,1,77,small,mid,0
nudt_000742.png,NUDT_SIRST,train,1,84,small,high,0
nudt_000743.png,NUDT_SIRST,train,1,91,medium,high,0
nudt_000744.png,NUDT_SIRST,train,1,97,medium,high,0
nudt_000745.png,NUDT_SIRST,train,1,96,medium,high,0
nudt_000746.png,NUDT_SIRST,train,1,105,medium,high,0
nudt_000747.png,NUDT_SIRST,train,1,120,medium,high,0
nudt_000748.png,NUDT_SIRST,train,1,82,small,mid,0
nudt_000749.png,NUDT_SIRST,train,1,9,tiny,high,0
nudt_000750.png,NUDT_SIRST,train,1,9,tiny,low,0
nudt_000751.png,NUDT_SIRST,train,1,9,tiny,mid,0
nudt_000754.png,NUDT_SIRST,train,1,20,tiny,mid,0
nudt_000755.png,NUDT_SIRST,train,1,33,tiny,mid,0
nudt_000759.png,NUDT_SIRST,train,1,18,tiny,mid,0
nudt_000760.png,NUDT_SIRST,train,1,34,tiny,mid,0
nudt_000761.png,NUDT_SIRST,train,1,15,tiny,mid,0
nudt_000763.png,NUDT_SIRST,train,1,15,tiny,high,0
nudt_000764.png,NUDT_SIRST,train,1,29,tiny,high,0
nudt_000765.png,NUDT_SIRST,train,1,16,tiny,low,0
nudt_000767.png,NUDT_SIRST,train,1,35,tiny,low,0
nudt_000768.png,NUDT_SIRST,train,1,33,tiny,low,0
nudt_000769.png,NUDT_SIRST,train,1,15,tiny,low,0
nudt_000771.png,NUDT_SIRST,train,1,31,tiny,low,0
nudt_000772.png,NUDT_SIRST,train,1,33,tiny,low,0
nudt_000774.png,NUDT_SIRST,train,1,16,tiny,low,0
nudt_000775.png,NUDT_SIRST,train,1,30,tiny,low,0
nudt_000776.png,NUDT_SIRST,train,1,29,tiny,low,0
nudt_000777.png,NUDT_SIRST,train,1,32,tiny,low,0
nudt_000778.png,NUDT_SIRST,train,1,41,small,low,0
nudt_000779.png,NUDT_SIRST,train,1,14,tiny,low,0
nudt_000780.png,NUDT_SIRST,train,1,14,tiny,low,0
nudt_000781.png,NUDT_SIRST,train,1,39,small,low,0
nudt_000782.png,NUDT_SIRST,train,1,36,small,low,0
nudt_000785.png,NUDT_SIRST,train,1,31,tiny,low,0
nudt_000786.png,NUDT_SIRST,train,1,29,tiny,low,0
nudt_000788.png,NUDT_SIRST,train,1,34,tiny,low,0
nudt_000789.png,NUDT_SIRST,train,1,30,tiny,low,0
nudt_000791.png,NUDT_SIRST,train,1,30,tiny,low,0
nudt_000792.png,NUDT_SIRST,train,1,35,tiny,low,0
nudt_000794.png,NUDT_SIRST,train,1,15,tiny,mid,0
nudt_000795.png,NUDT_SIRST,train,1,30,tiny,low,0
nudt_000798.png,NUDT_SIRST,train,1,31,tiny,low,0
nudt_000799.png,NUDT_SIRST,train,1,31,tiny,low,0
nudt_000800.png,NUDT_SIRST,train,1,36,small,low,0
nudt_000802.png,NUDT_SIRST,train,1,40,small,mid,0
nudt_000803.png,NUDT_SIRST,train,1,34,tiny,low,0
nudt_000805.png,NUDT_SIRST,train,1,16,tiny,low,0
nudt_000807.png,NUDT_SIRST,train,1,44,small,low,0
nudt_000808.png,NUDT_SIRST,train,1,44,small,low,0
nudt_000809.png,NUDT_SIRST,train,1,55,small,low,0
nudt_000810.png,NUDT_SIRST,train,1,44,small,low,0
nudt_000811.png,NUDT_SIRST,train,1,41,small,low,0
nudt_000812.png,NUDT_SIRST,train,1,50,small,low,0
nudt_000813.png,NUDT_SIRST,train,1,38,small,low,0
nudt_000814.png,NUDT_SIRST,train,1,48,small,low,0
nudt_000816.png,NUDT_SIRST,train,1,36,small,low,0
nudt_000818.png,NUDT_SIRST,train,1,24,tiny,low,0
nudt_000819.png,NUDT_SIRST,train,1,45,small,low,0
nudt_000821.png,NUDT_SIRST,train,1,55,small,low,0
nudt_000823.png,NUDT_SIRST,train,1,45,small,low,0
nudt_000824.png,NUDT_SIRST,train,1,45,small,low,0
nudt_000825.png,NUDT_SIRST,train,1,25,tiny,low,0
nudt_000826.png,NUDT_SIRST,train,1,44,small,low,0
nudt_000828.png,NUDT_SIRST,train,1,55,small,low,0
nudt_000830.png,NUDT_SIRST,train,1,40,small,low,0
nudt_000831.png,NUDT_SIRST,train,1,44,small,low,0
nudt_000833.png,NUDT_SIRST,train,1,20,tiny,low,0
nudt_000835.png,NUDT_SIRST,train,1,44,small,low,0
nudt_000836.png,NUDT_SIRST,train,1,44,small,low,0
nudt_000837.png,NUDT_SIRST,train,1,44,small,low,0
nudt_000838.png,NUDT_SIRST,train,1,40,small,low,0
nudt_000839.png,NUDT_SIRST,train,1,48,small,mid,0
nudt_000841.png,NUDT_SIRST,train,1,45,small,low,0
nudt_000842.png,NUDT_SIRST,train,1,20,tiny,low,0
nudt_000843.png,NUDT_SIRST,train,1,44,small,low,0
nudt_000845.png,NUDT_SIRST,train,1,41,small,low,0
nudt_000846.png,NUDT_SIRST,train,1,45,small,low,0
nudt_000847.png,NUDT_SIRST,train,1,61,small,low,0
nudt_000850.png,NUDT_SIRST,train,1,59,small,low,0
nudt_000851.png,NUDT_SIRST,train,1,62,small,low,0
nudt_000852.png,NUDT_SIRST,train,1,62,small,low,0
nudt_000854.png,NUDT_SIRST,train,1,24,tiny,mid,0
nudt_000855.png,NUDT_SIRST,train,1,52,small,high,0
nudt_000856.png,NUDT_SIRST,train,1,24,tiny,mid,0
nudt_000857.png,NUDT_SIRST,train,1,52,small,mid,0
nudt_000858.png,NUDT_SIRST,train,1,54,small,mid,0
nudt_000860.png,NUDT_SIRST,train,1,35,tiny,low,0
nudt_000861.png,NUDT_SIRST,train,1,64,small,low,0
nudt_000862.png,NUDT_SIRST,train,1,70,small,low,0
nudt_000864.png,NUDT_SIRST,train,1,54,small,mid,0
nudt_000865.png,NUDT_SIRST,train,1,24,tiny,low,0
nudt_000866.png,NUDT_SIRST,train,1,54,small,low,0
nudt_000867.png,NUDT_SIRST,train,1,54,small,low,0
nudt_000868.png,NUDT_SIRST,train,1,71,small,low,0
nudt_000869.png,NUDT_SIRST,train,1,114,medium,high,0
nudt_000870.png,NUDT_SIRST,train,1,80,small,high,0
nudt_000871.png,NUDT_SIRST,train,1,180,medium,mid,0
nudt_000872.png,NUDT_SIRST,train,1,171,medium,mid,0
nudt_000875.png,NUDT_SIRST,train,1,90,small,mid,0
nudt_000876.png,NUDT_SIRST,train,1,119,medium,low,0
nudt_000877.png,NUDT_SIRST,train,1,80,small,mid,0
nudt_000878.png,NUDT_SIRST,train,1,100,medium,mid,0
nudt_000879.png,NUDT_SIRST,train,1,90,small,mid,0
nudt_000880.png,NUDT_SIRST,train,1,240,medium,low,0
nudt_000881.png,NUDT_SIRST,train,1,240,medium,low,0
nudt_000884.png,NUDT_SIRST,train,1,90,small,mid,0
nudt_000886.png,NUDT_SIRST,train,1,114,medium,low,0
nudt_000887.png,NUDT_SIRST,train,1,120,medium,low,0
nudt_000888.png,NUDT_SIRST,train,1,76,small,low,0
nudt_000889.png,NUDT_SIRST,train,1,80,small,mid,0
nudt_000890.png,NUDT_SIRST,train,1,100,medium,low,0
nudt_000891.png,NUDT_SIRST,train,1,120,medium,low,0
nudt_000892.png,NUDT_SIRST,train,1,100,medium,low,0
nudt_000893.png,NUDT_SIRST,train,1,95,medium,mid,0
nudt_000894.png,NUDT_SIRST,train,1,120,medium,mid,0
nudt_000897.png,NUDT_SIRST,train,1,220,medium,low,0
nudt_000898.png,NUDT_SIRST,train,1,100,medium,mid,0
nudt_000899.png,NUDT_SIRST,train,1,120,medium,mid,0
nudt_000901.png,NUDT_SIRST,train,1,200,medium,low,0
nudt_000902.png,NUDT_SIRST,train,1,90,small,mid,0
nudt_000903.png,NUDT_SIRST,train,1,114,medium,low,0
nudt_000904.png,NUDT_SIRST,train,1,80,small,mid,0
nudt_000906.png,NUDT_SIRST,train,1,220,medium,low,0
nudt_000910.png,NUDT_SIRST,train,1,171,medium,low,0
nudt_000913.png,NUDT_SIRST,train,1,80,small,low,0
nudt_000917.png,NUDT_SIRST,train,1,120,medium,low,0
nudt_000918.png,NUDT_SIRST,train,1,100,medium,mid,0
nudt_000919.png,NUDT_SIRST,train,1,102,medium,mid,0
nudt_000922.png,NUDT_SIRST,train,1,80,small,high,0
nudt_000923.png,NUDT_SIRST,train,1,120,medium,high,0
nudt_000924.png,NUDT_SIRST,train,1,100,medium,high,0
nudt_000925.png,NUDT_SIRST,train,1,100,medium,high,0
nudt_000926.png,NUDT_SIRST,train,1,108,medium,mid,0
nudt_000927.png,NUDT_SIRST,train,1,220,medium,mid,0
nudt_000929.png,NUDT_SIRST,train,1,120,medium,mid,0
nudt_000930.png,NUDT_SIRST,train,1,160,medium,mid,0
nudt_000933.png,NUDT_SIRST,train,1,95,medium,high,0
nudt_000934.png,NUDT_SIRST,train,1,100,medium,high,0
nudt_000935.png,NUDT_SIRST,train,1,114,medium,high,0
nudt_000936.png,NUDT_SIRST,train,1,80,small,high,0
nudt_000937.png,NUDT_SIRST,train,1,120,medium,high,0
nudt_000938.png,NUDT_SIRST,train,1,200,medium,high,0
nudt_000940.png,NUDT_SIRST,train,1,100,medium,mid,0
nudt_000941.png,NUDT_SIRST,train,1,100,medium,mid,0
nudt_000942.png,NUDT_SIRST,train,1,80,small,high,0
nudt_000943.png,NUDT_SIRST,train,1,266,medium,high,0
nudt_000944.png,NUDT_SIRST,train,1,220,medium,high,0
nudt_000945.png,NUDT_SIRST,train,1,90,small,high,0
nudt_000946.png,NUDT_SIRST,train,1,266,medium,high,0
nudt_000947.png,NUDT_SIRST,train,1,152,medium,high,0
nudt_000948.png,NUDT_SIRST,train,1,95,medium,high,0
nudt_000949.png,NUDT_SIRST,train,1,80,small,mid,0
nudt_000950.png,NUDT_SIRST,train,1,100,medium,high,0
nudt_000951.png,NUDT_SIRST,train,1,140,medium,mid,0
nudt_000952.png,NUDT_SIRST,train,1,95,medium,high,0
nudt_000953.png,NUDT_SIRST,train,1,220,medium,high,0
nudt_000954.png,NUDT_SIRST,train,1,120,medium,high,0
nudt_000955.png,NUDT_SIRST,train,1,90,small,mid,0
nudt_000956.png,NUDT_SIRST,train,1,200,medium,mid,0
nudt_000957.png,NUDT_SIRST,train,1,120,medium,high,0
nudt_000958.png,NUDT_SIRST,train,1,180,medium,high,0
nudt_000959.png,NUDT_SIRST,train,1,100,medium,high,0
nudt_000960.png,NUDT_SIRST,train,1,120,medium,high,0
nudt_000961.png,NUDT_SIRST,train,1,160,medium,high,0
nudt_000962.png,NUDT_SIRST,train,1,80,small,mid,0
nudt_000963.png,NUDT_SIRST,train,1,100,medium,high,0
nudt_000964.png,NUDT_SIRST,train,1,120,medium,mid,0
nudt_000966.png,NUDT_SIRST,train,1,140,medium,mid,0
nudt_000969.png,NUDT_SIRST,train,1,120,medium,high,0
nudt_000970.png,NUDT_SIRST,train,1,114,medium,mid,0
nudt_000971.png,NUDT_SIRST,train,1,240,medium,mid,0
nudt_000974.png,NUDT_SIRST,train,1,114,medium,mid,0
nudt_000975.png,NUDT_SIRST,train,1,80,small,mid,0
nudt_000976.png,NUDT_SIRST,train,1,80,small,mid,0
nudt_000977.png,NUDT_SIRST,train,1,120,medium,mid,0
nudt_000978.png,NUDT_SIRST,train,1,140,medium,low,0
nudt_000979.png,NUDT_SIRST,train,1,114,medium,mid,0
nudt_000980.png,NUDT_SIRST,train,1,80,small,mid,0
nudt_000981.png,NUDT_SIRST,train,1,180,medium,mid,0
nudt_000982.png,NUDT_SIRST,train,1,240,medium,mid,0
nudt_000983.png,NUDT_SIRST,train,1,76,small,mid,0
nudt_000984.png,NUDT_SIRST,train,1,120,medium,low,0
nudt_000986.png,NUDT_SIRST,train,1,120,medium,mid,0
nudt_000987.png,NUDT_SIRST,train,1,54,small,mid,0
nudt_000989.png,NUDT_SIRST,train,1,102,medium,low,0
nudt_000990.png,NUDT_SIRST,train,1,120,medium,mid,0
nudt_000991.png,NUDT_SIRST,train,1,120,medium,mid,0
nudt_000992.png,NUDT_SIRST,train,1,80,small,mid,0
nudt_000993.png,NUDT_SIRST,train,1,100,medium,mid,0
nudt_000995.png,NUDT_SIRST,train,1,190,medium,mid,0
nudt_000996.png,NUDT_SIRST,train,1,200,medium,low,0
nudt_000997.png,NUDT_SIRST,train,1,72,small,mid,0
nudt_000998.png,NUDT_SIRST,train,1,95,medium,mid,0
nudt_000999.png,NUDT_SIRST,train,1,160,medium,high,0
nudt_001000.png,NUDT_SIRST,train,1,100,medium,mid,0
nudt_001001.png,NUDT_SIRST,train,1,80,small,high,0
nudt_001002.png,NUDT_SIRST,train,1,80,small,mid,0
nudt_001004.png,NUDT_SIRST,train,1,160,medium,mid,0
nudt_001005.png,NUDT_SIRST,train,1,100,medium,mid,0
nudt_001006.png,NUDT_SIRST,train,1,80,small,high,0
nudt_001007.png,NUDT_SIRST,train,1,160,medium,mid,0
nudt_001008.png,NUDT_SIRST,train,1,80,small,mid,0
nudt_001009.png,NUDT_SIRST,train,1,180,medium,high,0
nudt_001011.png,NUDT_SIRST,train,1,160,medium,low,0
nudt_001012.png,NUDT_SIRST,train,1,95,medium,low,0
nudt_001013.png,NUDT_SIRST,train,1,120,medium,mid,0
nudt_001014.png,NUDT_SIRST,train,1,160,medium,low,0
nudt_001015.png,NUDT_SIRST,train,1,140,medium,mid,0
nudt_001016.png,NUDT_SIRST,train,1,220,medium,high,0
nudt_001017.png,NUDT_SIRST,train,1,220,medium,mid,0
nudt_001018.png,NUDT_SIRST,train,1,171,medium,low,0
nudt_001019.png,NUDT_SIRST,train,1,102,medium,mid,0
nudt_001020.png,NUDT_SIRST,train,1,80,small,high,0
nudt_001023.png,NUDT_SIRST,train,1,100,medium,high,0
nudt_001026.png,NUDT_SIRST,train,1,95,medium,low,0
nudt_001028.png,NUDT_SIRST,train,1,220,medium,mid,0
nudt_001029.png,NUDT_SIRST,train,1,266,medium,mid,0
nudt_001030.png,NUDT_SIRST,train,1,200,medium,mid,0
nudt_001031.png,NUDT_SIRST,train,1,160,medium,low,0
nudt_001033.png,NUDT_SIRST,train,1,90,small,mid,0
nudt_001034.png,NUDT_SIRST,train,1,80,small,low,0
nudt_001035.png,NUDT_SIRST,train,1,80,small,mid,0
nudt_001036.png,NUDT_SIRST,train,1,120,medium,mid,0
nudt_001037.png,NUDT_SIRST,train,1,200,medium,mid,0
nudt_001038.png,NUDT_SIRST,train,1,57,small,low,0
nudt_001040.png,NUDT_SIRST,train,1,160,medium,high,0
nudt_001042.png,NUDT_SIRST,train,1,140,medium,mid,0
nudt_001043.png,NUDT_SIRST,train,1,120,medium,mid,0
nudt_001044.png,NUDT_SIRST,train,1,108,medium,mid,0
nudt_001045.png,NUDT_SIRST,train,1,171,medium,mid,0
nudt_001047.png,NUDT_SIRST,train,1,140,medium,high,0
nudt_001048.png,NUDT_SIRST,train,1,95,medium,low,0
nudt_001050.png,NUDT_SIRST,train,1,100,medium,mid,0
nudt_001051.png,NUDT_SIRST,train,1,114,medium,high,0
nudt_001055.png,NUDT_SIRST,train,1,114,medium,low,0
nudt_001056.png,NUDT_SIRST,train,1,220,medium,low,0
nudt_001057.png,NUDT_SIRST,train,1,90,small,low,0
nudt_001059.png,NUDT_SIRST,train,1,95,medium,low,0
nudt_001061.png,NUDT_SIRST,train,1,120,medium,high,0
nudt_001062.png,NUDT_SIRST,train,1,140,medium,mid,0
nudt_001064.png,NUDT_SIRST,train,1,160,medium,mid,0
nudt_001066.png,NUDT_SIRST,train,1,171,medium,low,0
nudt_001067.png,NUDT_SIRST,train,1,200,medium,low,0
nudt_001068.png,NUDT_SIRST,train,1,220,medium,low,0
nudt_001069.png,NUDT_SIRST,train,1,120,medium,low,0
nudt_001071.png,NUDT_SIRST,train,1,120,medium,low,0
nudt_001072.png,NUDT_SIRST,train,1,171,medium,low,0
nudt_001074.png,NUDT_SIRST,train,1,100,medium,low,0
nudt_001075.png,NUDT_SIRST,train,1,80,small,low,0
nudt_001077.png,NUDT_SIRST,train,1,90,small,low,0
nudt_001078.png,NUDT_SIRST,train,1,120,medium,low,0
nudt_001080.png,NUDT_SIRST,train,1,171,medium,mid,0
nudt_001081.png,NUDT_SIRST,train,1,80,small,mid,0
nudt_001084.png,NUDT_SIRST,train,1,190,medium,mid,0
nudt_001085.png,NUDT_SIRST,train,1,90,small,mid,0
nudt_001087.png,NUDT_SIRST,train,1,160,medium,mid,0
nudt_001088.png,NUDT_SIRST,train,1,120,medium,mid,0
nudt_001090.png,NUDT_SIRST,train,1,120,medium,mid,0
nudt_001092.png,NUDT_SIRST,train,1,95,medium,mid,0
nudt_001093.png,NUDT_SIRST,train,1,100,medium,high,0
nudt_001094.png,NUDT_SIRST,train,1,180,medium,mid,0
nudt_001096.png,NUDT_SIRST,train,1,160,medium,high,0
nudt_001100.png,NUDT_SIRST,train,1,280,medium,mid,0
nudt_001101.png,NUDT_SIRST,train,1,240,medium,high,0
nudt_001102.png,NUDT_SIRST,train,1,90,small,high,0
nudt_001103.png,NUDT_SIRST,train,1,160,medium,mid,0
nudt_001104.png,NUDT_SIRST,train,1,80,small,mid,0
nudt_001107.png,NUDT_SIRST,train,1,36,small,low,0
nudt_001108.png,NUDT_SIRST,train,1,9,tiny,low,0
nudt_001109.png,NUDT_SIRST,train,1,9,tiny,low,0
nudt_001110.png,NUDT_SIRST,train,1,9,tiny,low,0
nudt_001111.png,NUDT_SIRST,train,1,9,tiny,low,0
nudt_001113.png,NUDT_SIRST,train,1,9,tiny,low,0
nudt_001115.png,NUDT_SIRST,train,1,9,tiny,low,0
nudt_001116.png,NUDT_SIRST,train,1,18,tiny,mid,0
nudt_001117.png,NUDT_SIRST,train,1,9,tiny,mid,0
nudt_001118.png,NUDT_SIRST,train,1,9,tiny,low,0
nudt_001123.png,NUDT_SIRST,train,1,27,tiny,low,0
nudt_001124.png,NUDT_SIRST,train,1,9,tiny,low,0
nudt_001126.png,NUDT_SIRST,train,1,9,tiny,low,0
nudt_001127.png,NUDT_SIRST,train,1,9,tiny,high,0
nudt_001128.png,NUDT_SIRST,train,1,18,tiny,high,0
nudt_001129.png,NUDT_SIRST,train,1,9,tiny,low,0
nudt_001130.png,NUDT_SIRST,train,1,9,tiny,low,0
nudt_001131.png,NUDT_SIRST,train,1,36,small,low,0
nudt_001132.png,NUDT_SIRST,train,1,9,tiny,mid,0
nudt_001133.png,NUDT_SIRST,train,1,9,tiny,mid,0
nudt_001134.png,NUDT_SIRST,train,1,9,tiny,low,0
nudt_001136.png,NUDT_SIRST,train,1,9,tiny,low,0
nudt_001137.png,NUDT_SIRST,train,1,9,tiny,low,0
nudt_001138.png,NUDT_SIRST,train,1,18,tiny,low,0
nudt_001140.png,NUDT_SIRST,train,1,9,tiny,low,0
nudt_001142.png,NUDT_SIRST,train,1,18,tiny,low,0
nudt_001143.png,NUDT_SIRST,train,1,9,tiny,low,0
nudt_001146.png,NUDT_SIRST,train,1,9,tiny,mid,0
nudt_001147.png,NUDT_SIRST,train,1,9,tiny,mid,0
nudt_001148.png,NUDT_SIRST,train,1,9,tiny,low,0
nudt_001150.png,NUDT_SIRST,train,1,9,tiny,low,0
nudt_001151.png,NUDT_SIRST,train,1,9,tiny,low,0
nudt_001154.png,NUDT_SIRST,train,1,9,tiny,mid,0
nudt_001155.png,NUDT_SIRST,train,1,9,tiny,low,0
nudt_001156.png,NUDT_SIRST,train,1,9,tiny,low,0
nudt_001157.png,NUDT_SIRST,train,1,9,tiny,low,0
nudt_001158.png,NUDT_SIRST,train,1,27,tiny,low,0
nudt_001159.png,NUDT_SIRST,train,1,9,tiny,mid,0
nudt_001160.png,NUDT_SIRST,train,1,9,tiny,low,0
nudt_001162.png,NUDT_SIRST,train,1,9,tiny,low,0
nudt_001164.png,NUDT_SIRST,train,1,9,tiny,low,0
nudt_001166.png,NUDT_SIRST,train,1,9,tiny,low,0
nudt_001167.png,NUDT_SIRST,train,1,9,tiny,low,0
nudt_001169.png,NUDT_SIRST,train,1,9,tiny,low,0
nudt_001170.png,NUDT_SIRST,train,1,9,tiny,low,0
nudt_001171.png,NUDT_SIRST,train,1,9,tiny,low,0
nudt_001173.png,NUDT_SIRST,train,1,18,tiny,low,0
nudt_001174.png,NUDT_SIRST,train,1,36,small,low,0
nudt_001176.png,NUDT_SIRST,train,1,9,tiny,low,0
nudt_001177.png,NUDT_SIRST,train,1,27,tiny,low,0
nudt_001179.png,NUDT_SIRST,train,1,9,tiny,low,0
nudt_001180.png,NUDT_SIRST,train,1,18,tiny,low,0
nudt_001181.png,NUDT_SIRST,train,1,9,tiny,low,0
nudt_001182.png,NUDT_SIRST,train,1,9,tiny,low,0
nudt_001183.png,NUDT_SIRST,train,1,9,tiny,mid,0
nudt_001184.png,NUDT_SIRST,train,1,9,tiny,low,0
nudt_001185.png,NUDT_SIRST,train,1,18,tiny,low,0
nudt_001186.png,NUDT_SIRST,train,1,18,tiny,low,0
nudt_001187.png,NUDT_SIRST,train,1,9,tiny,mid,0
nudt_001188.png,NUDT_SIRST,train,1,9,tiny,low,0
nudt_001189.png,NUDT_SIRST,train,1,9,tiny,mid,0
nudt_001190.png,NUDT_SIRST,train,1,36,small,mid,0
nudt_001192.png,NUDT_SIRST,train,1,9,tiny,low,0
nudt_001193.png,NUDT_SIRST,train,1,18,tiny,low,0
nudt_001197.png,NUDT_SIRST,train,1,9,tiny,mid,0
nudt_001198.png,NUDT_SIRST,train,1,27,tiny,low,0
nudt_001199.png,NUDT_SIRST,train,1,9,tiny,mid,0
nudt_001203.png,NUDT_SIRST,train,1,9,tiny,low,0
nudt_001205.png,NUDT_SIRST,train,1,9,tiny,low,0
nudt_001206.png,NUDT_SIRST,train,1,9,tiny,low,0
nudt_001207.png,NUDT_SIRST,train,1,18,tiny,low,0
nudt_001209.png,NUDT_SIRST,train,1,27,tiny,low,0
nudt_001210.png,NUDT_SIRST,train,1,9,tiny,low,0
nudt_001211.png,NUDT_SIRST,train,1,9,tiny,mid,0
nudt_001212.png,NUDT_SIRST,train,1,9,tiny,low,0
nudt_001213.png,NUDT_SIRST,train,1,9,tiny,low,0
nudt_001214.png,NUDT_SIRST,train,1,18,tiny,low,0
nudt_001217.png,NUDT_SIRST,train,1,18,tiny,low,0
nudt_001218.png,NUDT_SIRST,train,1,18,tiny,low,0
nudt_001219.png,NUDT_SIRST,train,1,18,tiny,mid,0
nudt_001220.png,NUDT_SIRST,train,1,36,small,low,0
nudt_001221.png,NUDT_SIRST,train,1,18,tiny,low,0
nudt_001226.png,NUDT_SIRST,train,1,27,tiny,low,0
nudt_001229.png,NUDT_SIRST,train,1,36,small,low,0
nudt_001230.png,NUDT_SIRST,train,1,27,tiny,low,0
nudt_001231.png,NUDT_SIRST,train,1,9,tiny,low,0
nudt_001232.png,NUDT_SIRST,train,1,9,tiny,mid,0
nudt_001233.png,NUDT_SIRST,train,1,9,tiny,high,0
nudt_001234.png,NUDT_SIRST,train,1,9,tiny,mid,0
nudt_001235.png,NUDT_SIRST,train,1,36,small,high,0
nudt_001237.png,NUDT_SIRST,train,1,9,tiny,mid,0
nudt_001238.png,NUDT_SIRST,train,1,9,tiny,mid,0
nudt_001239.png,NUDT_SIRST,train,1,27,tiny,mid,0
nudt_001242.png,NUDT_SIRST,train,1,36,small,low,0
nudt_001243.png,NUDT_SIRST,train,1,18,tiny,low,0
nudt_001245.png,NUDT_SIRST,train,1,9,tiny,low,0
nudt_001248.png,NUDT_SIRST,train,1,135,medium,high,0
nudt_001250.png,NUDT_SIRST,train,1,208,medium,mid,0
nudt_001251.png,NUDT_SIRST,train,1,98,medium,mid,0
nudt_001252.png,NUDT_SIRST,train,1,84,small,high,0
nudt_001253.png,NUDT_SIRST,train,1,192,medium,high,0
nudt_001255.png,NUDT_SIRST,train,1,168,medium,high,0
nudt_001256.png,NUDT_SIRST,train,1,84,small,high,0
nudt_001257.png,NUDT_SIRST,train,1,120,medium,mid,0
nudt_001258.png,NUDT_SIRST,train,1,84,small,high,0
nudt_001259.png,NUDT_SIRST,train,1,105,medium,mid,0
nudt_001260.png,NUDT_SIRST,train,1,98,medium,mid,0
nudt_001261.png,NUDT_SIRST,train,1,168,medium,mid,0
nudt_001263.png,NUDT_SIRST,train,1,192,medium,mid,0
nudt_001264.png,NUDT_SIRST,train,1,192,medium,high,0
nudt_001265.png,NUDT_SIRST,train,1,84,small,mid,0
nudt_001267.png,NUDT_SIRST,train,1,84,small,high,0
nudt_001268.png,NUDT_SIRST,train,1,105,medium,high,0
nudt_001269.png,NUDT_SIRST,train,1,126,medium,mid,0
nudt_001271.png,NUDT_SIRST,train,1,180,medium,mid,0
nudt_001272.png,NUDT_SIRST,train,1,135,medium,high,0
nudt_001273.png,NUDT_SIRST,train,1,128,medium,high,0
nudt_001277.png,NUDT_SIRST,train,1,128,medium,high,0
nudt_001279.png,NUDT_SIRST,train,1,70,small,mid,0
nudt_001280.png,NUDT_SIRST,train,1,50,small,mid,0
nudt_001282.png,NUDT_SIRST,train,1,32,tiny,high,0
nudt_001285.png,NUDT_SIRST,train,1,42,small,mid,0
nudt_001286.png,NUDT_SIRST,train,1,98,medium,mid,0
nudt_001288.png,NUDT_SIRST,train,1,144,medium,mid,0
nudt_001289.png,NUDT_SIRST,train,1,28,tiny,high,0
nudt_001290.png,NUDT_SIRST,train,1,42,small,mid,0
nudt_001291.png,NUDT_SIRST,train,1,112,medium,low,0
nudt_001293.png,NUDT_SIRST,train,1,91,medium,mid,0
nudt_001294.png,NUDT_SIRST,train,1,192,medium,mid,0
nudt_001295.png,NUDT_SIRST,train,1,21,tiny,high,0
nudt_001296.png,NUDT_SIRST,train,1,180,medium,high,0
nudt_001297.png,NUDT_SIRST,train,1,180,medium,high,0
nudt_001298.png,NUDT_SIRST,train,1,49,small,mid,0
nudt_001300.png,NUDT_SIRST,train,1,168,medium,mid,0
nudt_001301.png,NUDT_SIRST,train,1,128,medium,high,0
nudt_001302.png,NUDT_SIRST,train,1,144,medium,high,0
nudt_001303.png,NUDT_SIRST,train,1,112,medium,mid,0
nudt_001305.png,NUDT_SIRST,train,1,32,tiny,mid,0
nudt_001306.png,NUDT_SIRST,train,1,14,tiny,high,0
nudt_001307.png,NUDT_SIRST,train,1,42,small,mid,0
nudt_001308.png,NUDT_SIRST,train,1,32,tiny,mid,0
nudt_001309.png,NUDT_SIRST,train,1,24,tiny,mid,0
nudt_001311.png,NUDT_SIRST,train,1,21,tiny,mid,0
nudt_001312.png,NUDT_SIRST,train,1,84,small,mid,0
nudt_001314.png,NUDT_SIRST,train,1,28,tiny,mid,0
nudt_001316.png,NUDT_SIRST,train,1,84,small,high,0
nudt_001317.png,NUDT_SIRST,train,1,21,tiny,mid,0
nudt_001318.png,NUDT_SIRST,train,1,66,small,mid,0
nudt_001319.png,NUDT_SIRST,train,1,72,small,mid,0
nudt_001321.png,NUDT_SIRST,train,1,72,small,high,0
nudt_001324.png,NUDT_SIRST,train,1,66,small,mid,0
nudt_001325.png,NUDT_SIRST,train,1,60,small,mid,0
nudt_001326.png,NUDT_SIRST,train,1,44,small,mid,0
nudt_001327.png,NUDT_SIRST,train,1,55,small,mid,0
nudt_000006.png,NUDT_SIRST,val,1,9,tiny,high,0
nudt_000024.png,NUDT_SIRST,val,1,9,tiny,high,0
nudt_000033.png,NUDT_SIRST,val,1,9,tiny,high,0
nudt_000036.png,NUDT_SIRST,val,1,9,tiny,low,0
nudt_000048.png,NUDT_SIRST,val,1,36,small,mid,0
nudt_000057.png,NUDT_SIRST,val,1,9,tiny,low,0
nudt_000075.png,NUDT_SIRST,val,1,27,tiny,low,0
nudt_000082.png,NUDT_SIRST,val,1,9,tiny,mid,0
nudt_000089.png,NUDT_SIRST,val,1,18,tiny,high,0
nudt_000103.png,NUDT_SIRST,val,1,15,tiny,low,0
nudt_000106.png,NUDT_SIRST,val,1,15,tiny,high,0
nudt_000107.png,NUDT_SIRST,val,1,36,small,mid,0
nudt_000120.png,NUDT_SIRST,val,1,41,small,low,0
nudt_000130.png,NUDT_SIRST,val,1,55,small,low,0
nudt_000142.png,NUDT_SIRST,val,1,65,small,mid,0
nudt_000147.png,NUDT_SIRST,val,1,40,small,mid,0
nudt_000149.png,NUDT_SIRST,val,1,45,small,mid,0
nudt_000164.png,NUDT_SIRST,val,1,52,small,low,0
nudt_000178.png,NUDT_SIRST,val,1,28,tiny,high,0
nudt_000190.png,NUDT_SIRST,val,1,78,small,high,0
nudt_000191.png,NUDT_SIRST,val,1,66,small,mid,0
nudt_000192.png,NUDT_SIRST,val,1,65,small,mid,0
nudt_000202.png,NUDT_SIRST,val,1,77,small,mid,0
nudt_000232.png,NUDT_SIRST,val,1,91,medium,high,0
nudt_000241.png,NUDT_SIRST,val,1,210,medium,high,0
nudt_000253.png,NUDT_SIRST,val,1,112,medium,mid,0
nudt_000257.png,NUDT_SIRST,val,1,140,medium,high,0
nudt_000258.png,NUDT_SIRST,val,1,272,medium,high,0
nudt_000269.png,NUDT_SIRST,val,1,135,medium,mid,0
nudt_000270.png,NUDT_SIRST,val,1,196,medium,mid,0
nudt_000271.png,NUDT_SIRST,val,1,112,medium,mid,0
nudt_000275.png,NUDT_SIRST,val,1,208,medium,low,0
nudt_000280.png,NUDT_SIRST,val,1,98,medium,mid,0
nudt_000302.png,NUDT_SIRST,val,1,224,medium,low,0
nudt_000307.png,NUDT_SIRST,val,1,192,medium,high,0
nudt_000310.png,NUDT_SIRST,val,1,126,medium,high,0
nudt_000329.png,NUDT_SIRST,val,1,9,tiny,low,0
nudt_000338.png,NUDT_SIRST,val,1,9,tiny,low,0
nudt_000340.png,NUDT_SIRST,val,1,9,tiny,low,0
nudt_000354.png,NUDT_SIRST,val,1,9,tiny,low,0
nudt_000359.png,NUDT_SIRST,val,1,9,tiny,low,0
nudt_000374.png,NUDT_SIRST,val,1,18,tiny,low,0
nudt_000375.png,NUDT_SIRST,val,1,18,tiny,low,0
nudt_000377.png,NUDT_SIRST,val,1,36,small,low,0
nudt_000382.png,NUDT_SIRST,val,1,9,tiny,low,0
nudt_000388.png,NUDT_SIRST,val,1,9,tiny,low,0
nudt_000408.png,NUDT_SIRST,val,1,24,tiny,high,0
nudt_000412.png,NUDT_SIRST,val,1,20,tiny,high,0
nudt_000427.png,NUDT_SIRST,val,1,105,medium,low,0
nudt_000433.png,NUDT_SIRST,val,1,112,medium,low,0
nudt_000442.png,NUDT_SIRST,val,1,203,medium,low,0
nudt_000445.png,NUDT_SIRST,val,1,126,medium,low,0
nudt_000453.png,NUDT_SIRST,val,1,231,medium,low,0
nudt_000458.png,NUDT_SIRST,val,1,140,medium,low,0
nudt_000461.png,NUDT_SIRST,val,1,91,medium,low,0
nudt_000462.png,NUDT_SIRST,val,1,168,medium,mid,0
nudt_000463.png,NUDT_SIRST,val,1,140,medium,low,0
nudt_000471.png,NUDT_SIRST,val,1,208,medium,mid,0
nudt_000488.png,NUDT_SIRST,val,1,65,small,low,0
nudt_000500.png,NUDT_SIRST,val,1,84,small,mid,0
nudt_000507.png,NUDT_SIRST,val,1,105,medium,mid,0
nudt_000512.png,NUDT_SIRST,val,1,285,medium,mid,0
nudt_000515.png,NUDT_SIRST,val,1,246,medium,high,0
nudt_000526.png,NUDT_SIRST,val,1,42,small,mid,0
nudt_000527.png,NUDT_SIRST,val,1,25,tiny,mid,0
nudt_000534.png,NUDT_SIRST,val,1,24,tiny,mid,0
nudt_000535.png,NUDT_SIRST,val,1,35,tiny,mid,0
nudt_000538.png,NUDT_SIRST,val,1,20,tiny,mid,0
nudt_000541.png,NUDT_SIRST,val,1,16,tiny,high,0
nudt_000543.png,NUDT_SIRST,val,1,30,tiny,high,0
nudt_000544.png,NUDT_SIRST,val,1,81,small,mid,0
nudt_000553.png,NUDT_SIRST,val,1,192,medium,mid,0
nudt_000554.png,NUDT_SIRST,val,1,135,medium,high,0
nudt_000561.png,NUDT_SIRST,val,1,135,medium,mid,0
nudt_000562.png,NUDT_SIRST,val,1,128,medium,mid,0
nudt_000569.png,NUDT_SIRST,val,1,98,medium,low,0
nudt_000575.png,NUDT_SIRST,val,1,91,medium,mid,0
nudt_000576.png,NUDT_SIRST,val,1,84,small,high,0
nudt_000577.png,NUDT_SIRST,val,1,105,medium,mid,0
nudt_000580.png,NUDT_SIRST,val,1,98,medium,high,0
nudt_000591.png,NUDT_SIRST,val,1,144,medium,high,0
nudt_000592.png,NUDT_SIRST,val,1,208,medium,high,0
nudt_000596.png,NUDT_SIRST,val,1,144,medium,high,0
nudt_000606.png,NUDT_SIRST,val,1,40,small,high,0
nudt_000608.png,NUDT_SIRST,val,1,50,small,mid,0
nudt_000609.png,NUDT_SIRST,val,1,18,tiny,mid,0
nudt_000625.png,NUDT_SIRST,val,1,15,tiny,mid,0
nudt_000630.png,NUDT_SIRST,val,1,15,tiny,high,0
nudt_000636.png,NUDT_SIRST,val,1,31,tiny,mid,0
nudt_000641.png,NUDT_SIRST,val,1,40,small,low,0
nudt_000645.png,NUDT_SIRST,val,1,44,small,mid,0
nudt_000646.png,NUDT_SIRST,val,1,55,small,low,0
nudt_000648.png,NUDT_SIRST,val,1,41,small,mid,0
nudt_000657.png,NUDT_SIRST,val,1,49,small,mid,0
nudt_000659.png,NUDT_SIRST,val,1,45,small,high,0
nudt_000661.png,NUDT_SIRST,val,1,46,small,mid,0
nudt_000665.png,NUDT_SIRST,val,1,40,small,low,0
nudt_000668.png,NUDT_SIRST,val,1,40,small,low,0
nudt_000680.png,NUDT_SIRST,val,1,40,small,mid,0
nudt_000693.png,NUDT_SIRST,val,1,30,tiny,mid,0
nudt_000695.png,NUDT_SIRST,val,1,32,tiny,mid,0
nudt_000701.png,NUDT_SIRST,val,1,65,small,high,0
nudt_000702.png,NUDT_SIRST,val,1,71,small,mid,0
nudt_000708.png,NUDT_SIRST,val,1,64,small,high,0
nudt_000713.png,NUDT_SIRST,val,1,68,small,mid,0
nudt_000717.png,NUDT_SIRST,val,1,30,tiny,high,0
nudt_000718.png,NUDT_SIRST,val,1,70,small,high,0
nudt_000724.png,NUDT_SIRST,val,1,48,small,mid,0
nudt_000725.png,NUDT_SIRST,val,1,66,small,high,0
nudt_000741.png,NUDT_SIRST,val,1,72,small,high,0
nudt_000756.png,NUDT_SIRST,val,1,33,tiny,mid,0
nudt_000757.png,NUDT_SIRST,val,1,15,tiny,mid,0
nudt_000758.png,NUDT_SIRST,val,1,31,tiny,mid,0
nudt_000762.png,NUDT_SIRST,val,1,31,tiny,mid,0
nudt_000770.png,NUDT_SIRST,val,1,15,tiny,low,0
nudt_000783.png,NUDT_SIRST,val,1,14,tiny,mid,0
nudt_000793.png,NUDT_SIRST,val,1,15,tiny,low,0
nudt_000796.png,NUDT_SIRST,val,1,15,tiny,low,0
nudt_000797.png,NUDT_SIRST,val,1,16,tiny,low,0
nudt_000804.png,NUDT_SIRST,val,1,44,small,low,0
nudt_000806.png,NUDT_SIRST,val,1,40,small,low,0
nudt_000815.png,NUDT_SIRST,val,1,38,small,low,0
nudt_000817.png,NUDT_SIRST,val,1,38,small,low,0
nudt_000820.png,NUDT_SIRST,val,1,45,small,low,0
nudt_000827.png,NUDT_SIRST,val,1,40,small,low,0
nudt_000829.png,NUDT_SIRST,val,1,20,tiny,low,0
nudt_000840.png,NUDT_SIRST,val,1,44,small,low,0
nudt_000844.png,NUDT_SIRST,val,1,40,small,low,0
nudt_000849.png,NUDT_SIRST,val,1,32,tiny,low,0
nudt_000863.png,NUDT_SIRST,val,1,24,tiny,low,0
nudt_000882.png,NUDT_SIRST,val,1,114,medium,low,0
nudt_000883.png,NUDT_SIRST,val,1,95,medium,high,0
nudt_000885.png,NUDT_SIRST,val,1,120,medium,low,0
nudt_000895.png,NUDT_SIRST,val,1,76,small,mid,0
nudt_000896.png,NUDT_SIRST,val,1,54,small,low,0
nudt_000900.png,NUDT_SIRST,val,1,100,medium,mid,0
nudt_000905.png,NUDT_SIRST,val,1,171,medium,mid,0
nudt_000908.png,NUDT_SIRST,val,1,220,medium,mid,0
nudt_000914.png,NUDT_SIRST,val,1,90,small,mid,0
nudt_000915.png,NUDT_SIRST,val,1,140,medium,mid,0
nudt_000916.png,NUDT_SIRST,val,1,140,medium,mid,0
nudt_000968.png,NUDT_SIRST,val,1,85,small,high,0
nudt_000973.png,NUDT_SIRST,val,1,160,medium,mid,0
nudt_000985.png,NUDT_SIRST,val,1,120,medium,low,0
nudt_001022.png,NUDT_SIRST,val,1,100,medium,high,0
nudt_001024.png,NUDT_SIRST,val,1,120,medium,mid,0
nudt_001025.png,NUDT_SIRST,val,1,100,medium,mid,0
nudt_001027.png,NUDT_SIRST,val,1,95,medium,low,0
nudt_001039.png,NUDT_SIRST,val,1,100,medium,low,0
nudt_001041.png,NUDT_SIRST,val,1,114,medium,mid,0
nudt_001049.png,NUDT_SIRST,val,1,80,small,low,0
nudt_001052.png,NUDT_SIRST,val,1,100,medium,high,0
nudt_001053.png,NUDT_SIRST,val,1,80,small,high,0
nudt_001054.png,NUDT_SIRST,val,1,171,medium,high,0
nudt_001060.png,NUDT_SIRST,val,1,120,medium,low,0
nudt_001070.png,NUDT_SIRST,val,1,114,medium,low,0
nudt_001076.png,NUDT_SIRST,val,1,57,small,low,0
nudt_001079.png,NUDT_SIRST,val,1,200,medium,low,0
nudt_001082.png,NUDT_SIRST,val,1,190,medium,low,0
nudt_001086.png,NUDT_SIRST,val,1,120,medium,mid,0
nudt_001089.png,NUDT_SIRST,val,1,100,medium,high,0
nudt_001095.png,NUDT_SIRST,val,1,76,small,mid,0
nudt_001097.png,NUDT_SIRST,val,1,80,small,mid,0
nudt_001098.png,NUDT_SIRST,val,1,190,medium,mid,0
nudt_001099.png,NUDT_SIRST,val,1,220,medium,mid,0
nudt_001105.png,NUDT_SIRST,val,1,18,tiny,low,0
nudt_001112.png,NUDT_SIRST,val,1,27,tiny,low,0
nudt_001120.png,NUDT_SIRST,val,1,9,tiny,low,0
nudt_001121.png,NUDT_SIRST,val,1,18,tiny,low,0
nudt_001125.png,NUDT_SIRST,val,1,18,tiny,low,0
nudt_001135.png,NUDT_SIRST,val,1,18,tiny,low,0
nudt_001139.png,NUDT_SIRST,val,1,9,tiny,low,0
nudt_001141.png,NUDT_SIRST,val,1,9,tiny,low,0
nudt_001144.png,NUDT_SIRST,val,1,18,tiny,low,0
nudt_001145.png,NUDT_SIRST,val,1,9,tiny,mid,0
nudt_001152.png,NUDT_SIRST,val,1,9,tiny,low,0
nudt_001153.png,NUDT_SIRST,val,1,9,tiny,low,0
nudt_001163.png,NUDT_SIRST,val,1,9,tiny,low,0
nudt_001165.png,NUDT_SIRST,val,1,9,tiny,low,0
nudt_001168.png,NUDT_SIRST,val,1,9,tiny,low,0
nudt_001178.png,NUDT_SIRST,val,1,9,tiny,low,0
nudt_001194.png,NUDT_SIRST,val,1,9,tiny,mid,0
nudt_001196.png,NUDT_SIRST,val,1,9,tiny,low,0
nudt_001215.png,NUDT_SIRST,val,1,9,tiny,low,0
nudt_001216.png,NUDT_SIRST,val,1,9,tiny,low,0
nudt_001223.png,NUDT_SIRST,val,1,9,tiny,low,0
nudt_001227.png,NUDT_SIRST,val,1,9,tiny,low,0
nudt_001249.png,NUDT_SIRST,val,1,135,medium,high,0
nudt_001262.png,NUDT_SIRST,val,1,128,medium,mid,0
nudt_001266.png,NUDT_SIRST,val,1,135,medium,high,0
nudt_001275.png,NUDT_SIRST,val,1,84,small,high,0
nudt_001283.png,NUDT_SIRST,val,1,105,medium,mid,0
nudt_001284.png,NUDT_SIRST,val,1,65,small,mid,0
nudt_001287.png,NUDT_SIRST,val,1,84,small,mid,0
nudt_001299.png,NUDT_SIRST,val,1,144,medium,mid,0
nudt_001310.png,NUDT_SIRST,val,1,21,tiny,high,0
nudt_001315.png,NUDT_SIRST,val,1,98,medium,mid,0
nudt_001320.png,NUDT_SIRST,val,1,55,small,mid,0
nudt_001322.png,NUDT_SIRST,val,1,44,small,high,0
sirstv2_000011.png,SIRST_V2,test,0,0,background,mid,1
sirstv2_000013.png,SIRST_V2,test,0,0,background,mid,1
sirstv2_000016.png,SIRST_V2,test,0,0,background,low,1
sirstv2_000017.png,SIRST_V2,test,0,0,background,low,1
sirstv2_000031.png,SIRST_V2,test,0,0,background,high,1
sirstv2_000039.png,SIRST_V2,test,0,0,background,low,1
sirstv2_000047.png,SIRST_V2,test,0,0,background,low,1
sirstv2_000048.png,SIRST_V2,test,0,0,background,low,1
sirstv2_000051.png,SIRST_V2,test,0,0,background,high,1
sirstv2_000055.png,SIRST_V2,test,0,0,background,mid,1
sirstv2_000069.png,SIRST_V2,test,0,0,background,high,1
sirstv2_000070.png,SIRST_V2,test,0,0,background,high,1
sirstv2_000075.png,SIRST_V2,test,0,0,background,mid,1
sirstv2_000085.png,SIRST_V2,test,0,0,background,mid,1
sirstv2_000090.png,SIRST_V2,test,0,0,background,high,1
sirstv2_000093.png,SIRST_V2,test,0,0,background,mid,1
sirstv2_000107.png,SIRST_V2,test,0,0,background,high,1
sirstv2_000116.png,SIRST_V2,test,0,0,background,high,1
sirstv2_000119.png,SIRST_V2,test,0,0,background,high,1
sirstv2_000131.png,SIRST_V2,test,0,0,background,high,1
sirstv2_000146.png,SIRST_V2,test,0,0,background,high,1
sirstv2_000152.png,SIRST_V2,test,0,0,background,high,1
sirstv2_000153.png,SIRST_V2,test,0,0,background,high,1
sirstv2_000159.png,SIRST_V2,test,0,0,background,high,1
sirstv2_000162.png,SIRST_V2,test,0,0,background,high,1
sirstv2_000166.png,SIRST_V2,test,0,0,background,high,1
sirstv2_000183.png,SIRST_V2,test,0,0,background,high,1
sirstv2_000197.png,SIRST_V2,test,0,0,background,high,1
sirstv2_000205.png,SIRST_V2,test,0,0,background,high,1
sirstv2_000211.png,SIRST_V2,test,0,0,background,high,1
sirstv2_000212.png,SIRST_V2,test,0,0,background,high,1
sirstv2_000213.png,SIRST_V2,test,0,0,background,high,1
sirstv2_000214.png,SIRST_V2,test,0,0,background,high,1
sirstv2_000217.png,SIRST_V2,test,0,0,background,high,1
sirstv2_000218.png,SIRST_V2,test,0,0,background,high,1
sirstv2_000231.png,SIRST_V2,test,0,0,background,high,1
sirstv2_000236.png,SIRST_V2,test,0,0,background,high,1
sirstv2_000238.png,SIRST_V2,test,0,0,background,high,1
sirstv2_000239.png,SIRST_V2,test,0,0,background,high,1
sirstv2_000271.png,SIRST_V2,test,0,0,background,high,1
sirstv2_000275.png,SIRST_V2,test,0,0,background,high,1
sirstv2_000281.png,SIRST_V2,test,0,0,background,high,1
sirstv2_000286.png,SIRST_V2,test,0,0,background,high,1
sirstv2_000300.png,SIRST_V2,test,0,0,background,high,1
sirstv2_000302.png,SIRST_V2,test,0,0,background,high,1
sirstv2_000307.png,SIRST_V2,test,0,0,background,high,1
sirstv2_000312.png,SIRST_V2,test,0,0,background,high,1
sirstv2_000321.png,SIRST_V2,test,0,0,background,high,1
sirstv2_000322.png,SIRST_V2,test,0,0,background,high,1
sirstv2_000338.png,SIRST_V2,test,1,18,tiny,high,0
sirstv2_000340.png,SIRST_V2,test,1,96,medium,mid,0
sirstv2_000346.png,SIRST_V2,test,1,20,tiny,high,0
sirstv2_000354.png,SIRST_V2,test,1,18,tiny,high,0
sirstv2_000355.png,SIRST_V2,test,1,42,small,mid,0
sirstv2_000365.png,SIRST_V2,test,1,14,tiny,low,0
sirstv2_000370.png,SIRST_V2,test,1,65,small,mid,0
sirstv2_000379.png,SIRST_V2,test,1,27,tiny,low,0
sirstv2_000382.png,SIRST_V2,test,1,16,tiny,low,0
sirstv2_000402.png,SIRST_V2,test,1,16,tiny,low,0
sirstv2_000403.png,SIRST_V2,test,1,24,tiny,low,0
sirstv2_000417.png,SIRST_V2,test,1,20,tiny,high,0
sirstv2_000426.png,SIRST_V2,test,1,20,tiny,low,0
sirstv2_000433.png,SIRST_V2,test,1,24,tiny,low,0
sirstv2_000442.png,SIRST_V2,test,1,20,tiny,low,0
sirstv2_000445.png,SIRST_V2,test,1,25,tiny,low,0
sirstv2_000467.png,SIRST_V2,test,1,12,tiny,low,0
sirstv2_000475.png,SIRST_V2,test,1,63,small,low,0
sirstv2_000477.png,SIRST_V2,test,1,42,small,low,0
sirstv2_000479.png,SIRST_V2,test,1,12,tiny,low,0
sirstv2_000491.png,SIRST_V2,test,1,45,small,low,0
sirstv2_000496.png,SIRST_V2,test,1,300,medium,low,0
sirstv2_000506.png,SIRST_V2,test,1,25,tiny,mid,0
sirstv2_000507.png,SIRST_V2,test,1,110,medium,low,0
sirstv2_000522.png,SIRST_V2,test,1,56,small,low,0
sirstv2_000528.png,SIRST_V2,test,1,56,small,low,0
sirstv2_000531.png,SIRST_V2,test,1,8,tiny,low,0
sirstv2_000535.png,SIRST_V2,test,1,15,tiny,low,0
sirstv2_000546.png,SIRST_V2,test,1,16,tiny,mid,0
sirstv2_000555.png,SIRST_V2,test,1,24,tiny,low,0
sirstv2_000562.png,SIRST_V2,test,1,20,tiny,low,0
sirstv2_000566.png,SIRST_V2,test,1,77,small,low,0
sirstv2_000570.png,SIRST_V2,test,1,177,medium,low,0
sirstv2_000587.png,SIRST_V2,test,1,12,tiny,low,0
sirstv2_000588.png,SIRST_V2,test,1,9,tiny,low,0
sirstv2_000590.png,SIRST_V2,test,1,27,tiny,low,0
sirstv2_000597.png,SIRST_V2,test,1,12,tiny,low,0
sirstv2_000604.png,SIRST_V2,test,1,56,small,low,0
sirstv2_000616.png,SIRST_V2,test,1,6,tiny,high,0
sirstv2_000625.png,SIRST_V2,test,1,42,small,low,0
sirstv2_000643.png,SIRST_V2,test,1,64,small,mid,0
sirstv2_000647.png,SIRST_V2,test,1,42,small,high,0
sirstv2_000648.png,SIRST_V2,test,1,64,small,high,0
sirstv2_000651.png,SIRST_V2,test,1,24,tiny,high,0
sirstv2_000653.png,SIRST_V2,test,1,169,medium,high,0
sirstv2_000660.png,SIRST_V2,test,1,451,medium,mid,0
sirstv2_000666.png,SIRST_V2,test,1,49,small,low,0
sirstv2_000668.png,SIRST_V2,test,1,35,tiny,mid,0
sirstv2_000691.png,SIRST_V2,test,1,48,small,low,0
sirstv2_000694.png,SIRST_V2,test,1,210,medium,mid,0
sirstv2_000699.png,SIRST_V2,test,1,63,small,mid,0
sirstv2_000708.png,SIRST_V2,test,1,80,small,low,0
sirstv2_000709.png,SIRST_V2,test,1,46,small,low,0
sirstv2_000713.png,SIRST_V2,test,1,171,medium,low,0
sirstv2_000719.png,SIRST_V2,test,1,12,tiny,mid,0
sirstv2_000720.png,SIRST_V2,test,1,50,small,high,0
sirstv2_000726.png,SIRST_V2,test,1,96,medium,mid,0
sirstv2_000740.png,SIRST_V2,test,1,170,medium,low,0
sirstv2_000742.png,SIRST_V2,test,1,24,tiny,mid,0
sirstv2_000743.png,SIRST_V2,test,1,12,tiny,low,0
sirstv2_000747.png,SIRST_V2,test,1,70,small,high,0
sirstv2_000748.png,SIRST_V2,test,1,117,medium,high,0
sirstv2_000754.png,SIRST_V2,test,0,0,background,high,1
sirstv2_000761.png,SIRST_V2,test,0,0,background,high,1
sirstv2_000767.png,SIRST_V2,test,0,0,background,mid,1
sirstv2_000772.png,SIRST_V2,test,0,0,background,low,1
sirstv2_000797.png,SIRST_V2,test,1,20,tiny,high,0
sirstv2_000798.png,SIRST_V2,test,1,18,tiny,high,0
sirstv2_000799.png,SIRST_V2,test,1,28,tiny,high,0
sirstv2_000803.png,SIRST_V2,test,1,132,medium,high,0
sirstv2_000823.png,SIRST_V2,test,1,22,tiny,mid,0
sirstv2_000826.png,SIRST_V2,test,1,126,medium,low,0
sirstv2_000831.png,SIRST_V2,test,1,20,tiny,mid,0
sirstv2_000836.png,SIRST_V2,test,1,108,medium,low,0
sirstv2_000838.png,SIRST_V2,test,1,63,small,low,0
sirstv2_000839.png,SIRST_V2,test,1,56,small,high,0
sirstv2_000843.png,SIRST_V2,test,1,56,small,mid,0
sirstv2_000844.png,SIRST_V2,test,1,42,small,mid,0
sirstv2_000854.png,SIRST_V2,test,1,20,tiny,mid,0
sirstv2_000860.png,SIRST_V2,test,1,80,small,mid,0
sirstv2_000869.png,SIRST_V2,test,0,0,background,mid,1
sirstv2_000870.png,SIRST_V2,test,0,0,background,mid,1
sirstv2_000876.png,SIRST_V2,test,0,0,background,mid,1
sirstv2_000878.png,SIRST_V2,test,0,0,background,high,1
sirstv2_000894.png,SIRST_V2,test,0,0,background,mid,1
sirstv2_000905.png,SIRST_V2,test,0,0,background,mid,1
sirstv2_000911.png,SIRST_V2,test,0,0,background,high,1
sirstv2_000919.png,SIRST_V2,test,0,0,background,high,1
sirstv2_000931.png,SIRST_V2,test,0,0,background,low,1
sirstv2_000939.png,SIRST_V2,test,0,0,background,mid,1
sirstv2_000941.png,SIRST_V2,test,0,0,background,high,1
sirstv2_000943.png,SIRST_V2,test,0,0,background,mid,1
sirstv2_000947.png,SIRST_V2,test,0,0,background,high,1
sirstv2_000950.png,SIRST_V2,test,0,0,background,mid,1
sirstv2_000968.png,SIRST_V2,test,0,0,background,high,1
sirstv2_000979.png,SIRST_V2,test,0,0,background,high,1
sirstv2_000996.png,SIRST_V2,test,0,0,background,high,1
sirstv2_000997.png,SIRST_V2,test,0,0,background,high,1
sirstv2_001000.png,SIRST_V2,test,0,0,background,high,1
sirstv2_001001.png,SIRST_V2,test,0,0,background,high,1
sirstv2_001009.png,SIRST_V2,test,0,0,background,high,1
sirstv2_001011.png,SIRST_V2,test,0,0,background,high,1
sirstv2_001023.png,SIRST_V2,test,0,0,background,high,1
sirstv2_000001.png,SIRST_V2,train,0,0,background,low,1
sirstv2_000002.png,SIRST_V2,train,0,0,background,low,1
sirstv2_000003.png,SIRST_V2,train,0,0,background,low,1
sirstv2_000004.png,SIRST_V2,train,0,0,background,low,1
sirstv2_000005.png,SIRST_V2,train,0,0,background,low,1
sirstv2_000006.png,SIRST_V2,train,0,0,background,low,1
sirstv2_000007.png,SIRST_V2,train,0,0,background,low,1
sirstv2_000008.png,SIRST_V2,train,0,0,background,mid,1
sirstv2_000009.png,SIRST_V2,train,0,0,background,mid,1
sirstv2_000010.png,SIRST_V2,train,0,0,background,low,1
sirstv2_000012.png,SIRST_V2,train,0,0,background,mid,1
sirstv2_000014.png,SIRST_V2,train,0,0,background,mid,1
sirstv2_000015.png,SIRST_V2,train,0,0,background,mid,1
sirstv2_000020.png,SIRST_V2,train,0,0,background,low,1
sirstv2_000021.png,SIRST_V2,train,0,0,background,mid,1
sirstv2_000022.png,SIRST_V2,train,0,0,background,low,1
sirstv2_000023.png,SIRST_V2,train,0,0,background,low,1
sirstv2_000024.png,SIRST_V2,train,0,0,background,low,1
sirstv2_000025.png,SIRST_V2,train,0,0,background,low,1
sirstv2_000026.png,SIRST_V2,train,0,0,background,high,1
sirstv2_000027.png,SIRST_V2,train,0,0,background,high,1
sirstv2_000028.png,SIRST_V2,train,0,0,background,high,1
sirstv2_000030.png,SIRST_V2,train,0,0,background,mid,1
sirstv2_000033.png,SIRST_V2,train,0,0,background,high,1
sirstv2_000034.png,SIRST_V2,train,0,0,background,low,1
sirstv2_000035.png,SIRST_V2,train,0,0,background,low,1
sirstv2_000036.png,SIRST_V2,train,0,0,background,low,1
sirstv2_000037.png,SIRST_V2,train,0,0,background,low,1
sirstv2_000040.png,SIRST_V2,train,0,0,background,low,1
sirstv2_000041.png,SIRST_V2,train,0,0,background,low,1
sirstv2_000042.png,SIRST_V2,train,0,0,background,low,1
sirstv2_000044.png,SIRST_V2,train,0,0,background,low,1
sirstv2_000045.png,SIRST_V2,train,0,0,background,low,1
sirstv2_000046.png,SIRST_V2,train,0,0,background,low,1
sirstv2_000049.png,SIRST_V2,train,0,0,background,mid,1
sirstv2_000050.png,SIRST_V2,train,0,0,background,mid,1
sirstv2_000052.png,SIRST_V2,train,0,0,background,high,1
sirstv2_000053.png,SIRST_V2,train,0,0,background,mid,1
sirstv2_000054.png,SIRST_V2,train,0,0,background,mid,1
sirstv2_000056.png,SIRST_V2,train,0,0,background,mid,1
sirstv2_000057.png,SIRST_V2,train,0,0,background,mid,1
sirstv2_000059.png,SIRST_V2,train,0,0,background,high,1
sirstv2_000060.png,SIRST_V2,train,0,0,background,high,1
sirstv2_000061.png,SIRST_V2,train,0,0,background,high,1
sirstv2_000062.png,SIRST_V2,train,0,0,background,high,1
sirstv2_000063.png,SIRST_V2,train,0,0,background,high,1
sirstv2_000064.png,SIRST_V2,train,0,0,background,high,1
sirstv2_000065.png,SIRST_V2,train,0,0,background,mid,1
sirstv2_000067.png,SIRST_V2,train,0,0,background,high,1
sirstv2_000068.png,SIRST_V2,train,0,0,background,high,1
sirstv2_000071.png,SIRST_V2,train,0,0,background,high,1
sirstv2_000072.png,SIRST_V2,train,0,0,background,high,1
sirstv2_000073.png,SIRST_V2,train,0,0,background,high,1
sirstv2_000074.png,SIRST_V2,train,0,0,background,high,1
sirstv2_000076.png,SIRST_V2,train,0,0,background,mid,1
sirstv2_000077.png,SIRST_V2,train,0,0,background,mid,1
sirstv2_000078.png,SIRST_V2,train,0,0,background,high,1
sirstv2_000079.png,SIRST_V2,train,0,0,background,high,1
sirstv2_000080.png,SIRST_V2,train,0,0,background,high,1
sirstv2_000081.png,SIRST_V2,train,0,0,background,high,1
sirstv2_000084.png,SIRST_V2,train,0,0,background,mid,1
sirstv2_000086.png,SIRST_V2,train,0,0,background,mid,1
sirstv2_000087.png,SIRST_V2,train,0,0,background,low,1
sirstv2_000088.png,SIRST_V2,train,0,0,background,high,1
sirstv2_000091.png,SIRST_V2,train,1,144,medium,high,0
sirstv2_000094.png,SIRST_V2,train,0,0,background,high,1
sirstv2_000095.png,SIRST_V2,train,0,0,background,high,1
sirstv2_000096.png,SIRST_V2,train,0,0,background,high,1
sirstv2_000097.png,SIRST_V2,train,0,0,background,high,1
sirstv2_000098.png,SIRST_V2,train,0,0,background,high,1
sirstv2_000099.png,SIRST_V2,train,0,0,background,high,1
sirstv2_000100.png,SIRST_V2,train,0,0,background,high,1
sirstv2_000101.png,SIRST_V2,train,0,0,background,high,1
sirstv2_000102.png,SIRST_V2,train,0,0,background,high,1
sirstv2_000104.png,SIRST_V2,train,0,0,background,high,1
sirstv2_000105.png,SIRST_V2,train,0,0,background,high,1
sirstv2_000108.png,SIRST_V2,train,0,0,background,high,1
sirstv2_000109.png,SIRST_V2,train,0,0,background,high,1
sirstv2_000111.png,SIRST_V2,train,0,0,background,high,1
sirstv2_000112.png,SIRST_V2,train,0,0,background,high,1
sirstv2_000113.png,SIRST_V2,train,0,0,background,high,1
sirstv2_000114.png,SIRST_V2,train,0,0,background,high,1
sirstv2_000115.png,SIRST_V2,train,0,0,background,high,1
sirstv2_000117.png,SIRST_V2,train,0,0,background,high,1
sirstv2_000118.png,SIRST_V2,train,0,0,background,high,1
sirstv2_000120.png,SIRST_V2,train,0,0,background,high,1
sirstv2_000121.png,SIRST_V2,train,0,0,background,high,1
sirstv2_000123.png,SIRST_V2,train,0,0,background,high,1
sirstv2_000124.png,SIRST_V2,train,0,0,background,high,1
sirstv2_000125.png,SIRST_V2,train,0,0,background,high,1
sirstv2_000126.png,SIRST_V2,train,0,0,background,high,1
sirstv2_000127.png,SIRST_V2,train,0,0,background,high,1
sirstv2_000128.png,SIRST_V2,train,0,0,background,high,1
sirstv2_000129.png,SIRST_V2,train,0,0,background,high,1
sirstv2_000130.png,SIRST_V2,train,0,0,background,mid,1
sirstv2_000132.png,SIRST_V2,train,0,0,background,high,1
sirstv2_000133.png,SIRST_V2,train,0,0,background,high,1
sirstv2_000135.png,SIRST_V2,train,0,0,background,high,1
sirstv2_000136.png,SIRST_V2,train,0,0,background,high,1
sirstv2_000137.png,SIRST_V2,train,0,0,background,high,1
sirstv2_000138.png,SIRST_V2,train,0,0,background,high,1
sirstv2_000139.png,SIRST_V2,train,0,0,background,high,1
sirstv2_000140.png,SIRST_V2,train,0,0,background,high,1
sirstv2_000142.png,SIRST_V2,train,0,0,background,high,1
sirstv2_000143.png,SIRST_V2,train,0,0,background,high,1
sirstv2_000145.png,SIRST_V2,train,0,0,background,high,1
sirstv2_000147.png,SIRST_V2,train,0,0,background,high,1
sirstv2_000148.png,SIRST_V2,train,0,0,background,high,1
sirstv2_000149.png,SIRST_V2,train,0,0,background,high,1
sirstv2_000150.png,SIRST_V2,train,0,0,background,high,1
sirstv2_000151.png,SIRST_V2,train,0,0,background,high,1
sirstv2_000154.png,SIRST_V2,train,0,0,background,high,1
sirstv2_000155.png,SIRST_V2,train,0,0,background,high,1
sirstv2_000156.png,SIRST_V2,train,0,0,background,high,1
sirstv2_000157.png,SIRST_V2,train,0,0,background,mid,1
sirstv2_000160.png,SIRST_V2,train,0,0,background,high,1
sirstv2_000161.png,SIRST_V2,train,0,0,background,high,1
sirstv2_000163.png,SIRST_V2,train,0,0,background,high,1
sirstv2_000164.png,SIRST_V2,train,0,0,background,high,1
sirstv2_000165.png,SIRST_V2,train,0,0,background,high,1
sirstv2_000167.png,SIRST_V2,train,0,0,background,high,1
sirstv2_000168.png,SIRST_V2,train,0,0,background,high,1
sirstv2_000169.png,SIRST_V2,train,0,0,background,high,1
sirstv2_000170.png,SIRST_V2,train,0,0,background,high,1
sirstv2_000171.png,SIRST_V2,train,0,0,background,high,1
sirstv2_000172.png,SIRST_V2,train,0,0,background,high,1
sirstv2_000173.png,SIRST_V2,train,0,0,background,high,1
sirstv2_000174.png,SIRST_V2,train,0,0,background,high,1
sirstv2_000176.png,SIRST_V2,train,0,0,background,mid,1
sirstv2_000179.png,SIRST_V2,train,0,0,background,high,1
sirstv2_000180.png,SIRST_V2,train,0,0,background,high,1
sirstv2_000181.png,SIRST_V2,train,0,0,background,high,1
sirstv2_000182.png,SIRST_V2,train,0,0,background,high,1
sirstv2_000184.png,SIRST_V2,train,0,0,background,high,1
sirstv2_000186.png,SIRST_V2,train,0,0,background,high,1
sirstv2_000187.png,SIRST_V2,train,0,0,background,high,1
sirstv2_000188.png,SIRST_V2,train,0,0,background,high,1
sirstv2_000189.png,SIRST_V2,train,0,0,background,high,1
sirstv2_000190.png,SIRST_V2,train,0,0,background,high,1
sirstv2_000191.png,SIRST_V2,train,0,0,background,mid,1
sirstv2_000194.png,SIRST_V2,train,0,0,background,high,1
sirstv2_000195.png,SIRST_V2,train,0,0,background,high,1
sirstv2_000196.png,SIRST_V2,train,0,0,background,high,1
sirstv2_000198.png,SIRST_V2,train,0,0,background,high,1
sirstv2_000200.png,SIRST_V2,train,0,0,background,high,1
sirstv2_000201.png,SIRST_V2,train,0,0,background,high,1
sirstv2_000203.png,SIRST_V2,train,0,0,background,high,1
sirstv2_000204.png,SIRST_V2,train,0,0,background,high,1
sirstv2_000207.png,SIRST_V2,train,0,0,background,high,1
sirstv2_000208.png,SIRST_V2,train,0,0,background,high,1
sirstv2_000209.png,SIRST_V2,train,0,0,background,high,1
sirstv2_000215.png,SIRST_V2,train,0,0,background,high,1
sirstv2_000216.png,SIRST_V2,train,0,0,background,high,1
sirstv2_000219.png,SIRST_V2,train,0,0,background,mid,1
sirstv2_000220.png,SIRST_V2,train,0,0,background,high,1
sirstv2_000222.png,SIRST_V2,train,0,0,background,high,1
sirstv2_000223.png,SIRST_V2,train,0,0,background,high,1
sirstv2_000225.png,SIRST_V2,train,0,0,background,high,1
sirstv2_000227.png,SIRST_V2,train,0,0,background,high,1
sirstv2_000228.png,SIRST_V2,train,0,0,background,high,1
sirstv2_000229.png,SIRST_V2,train,0,0,background,high,1
sirstv2_000230.png,SIRST_V2,train,0,0,background,high,1
sirstv2_000233.png,SIRST_V2,train,0,0,background,high,1
sirstv2_000237.png,SIRST_V2,train,0,0,background,high,1
sirstv2_000240.png,SIRST_V2,train,0,0,background,high,1
sirstv2_000241.png,SIRST_V2,train,0,0,background,high,1
sirstv2_000242.png,SIRST_V2,train,0,0,background,high,1
sirstv2_000243.png,SIRST_V2,train,0,0,background,high,1
sirstv2_000244.png,SIRST_V2,train,0,0,background,high,1
sirstv2_000245.png,SIRST_V2,train,0,0,background,high,1
sirstv2_000246.png,SIRST_V2,train,0,0,background,high,1
sirstv2_000247.png,SIRST_V2,train,0,0,background,high,1
sirstv2_000248.png,SIRST_V2,train,0,0,background,high,1
sirstv2_000249.png,SIRST_V2,train,0,0,background,high,1
sirstv2_000250.png,SIRST_V2,train,0,0,background,high,1
sirstv2_000253.png,SIRST_V2,train,0,0,background,high,1
sirstv2_000254.png,SIRST_V2,train,0,0,background,high,1
sirstv2_000256.png,SIRST_V2,train,0,0,background,high,1
sirstv2_000257.png,SIRST_V2,train,0,0,background,high,1
sirstv2_000259.png,SIRST_V2,train,0,0,background,high,1
sirstv2_000260.png,SIRST_V2,train,0,0,background,high,1
sirstv2_000261.png,SIRST_V2,train,0,0,background,high,1
sirstv2_000262.png,SIRST_V2,train,0,0,background,high,1
sirstv2_000264.png,SIRST_V2,train,0,0,background,high,1
sirstv2_000265.png,SIRST_V2,train,0,0,background,high,1
sirstv2_000266.png,SIRST_V2,train,0,0,background,high,1
sirstv2_000267.png,SIRST_V2,train,0,0,background,mid,1
sirstv2_000268.png,SIRST_V2,train,0,0,background,high,1
sirstv2_000269.png,SIRST_V2,train,0,0,background,high,1
sirstv2_000270.png,SIRST_V2,train,0,0,background,high,1
sirstv2_000272.png,SIRST_V2,train,0,0,background,high,1
sirstv2_000274.png,SIRST_V2,train,0,0,background,high,1
sirstv2_000276.png,SIRST_V2,train,0,0,background,high,1
sirstv2_000277.png,SIRST_V2,train,0,0,background,high,1
sirstv2_000278.png,SIRST_V2,train,0,0,background,high,1
sirstv2_000279.png,SIRST_V2,train,0,0,background,high,1
sirstv2_000282.png,SIRST_V2,train,0,0,background,high,1
sirstv2_000283.png,SIRST_V2,train,0,0,background,high,1
sirstv2_000284.png,SIRST_V2,train,0,0,background,high,1
sirstv2_000285.png,SIRST_V2,train,0,0,background,high,1
sirstv2_000287.png,SIRST_V2,train,0,0,background,high,1
sirstv2_000288.png,SIRST_V2,train,0,0,background,high,1
sirstv2_000289.png,SIRST_V2,train,0,0,background,high,1
sirstv2_000290.png,SIRST_V2,train,0,0,background,high,1
sirstv2_000291.png,SIRST_V2,train,0,0,background,high,1
sirstv2_000292.png,SIRST_V2,train,0,0,background,high,1
sirstv2_000293.png,SIRST_V2,train,0,0,background,high,1
sirstv2_000294.png,SIRST_V2,train,0,0,background,high,1
sirstv2_000295.png,SIRST_V2,train,0,0,background,high,1
sirstv2_000297.png,SIRST_V2,train,0,0,background,high,1
sirstv2_000298.png,SIRST_V2,train,0,0,background,high,1
sirstv2_000299.png,SIRST_V2,train,0,0,background,high,1
sirstv2_000301.png,SIRST_V2,train,0,0,background,high,1
sirstv2_000303.png,SIRST_V2,train,0,0,background,high,1
sirstv2_000304.png,SIRST_V2,train,0,0,background,high,1
sirstv2_000305.png,SIRST_V2,train,0,0,background,high,1
sirstv2_000308.png,SIRST_V2,train,0,0,background,high,1
sirstv2_000310.png,SIRST_V2,train,0,0,background,high,1
sirstv2_000311.png,SIRST_V2,train,0,0,background,high,1
sirstv2_000313.png,SIRST_V2,train,0,0,background,high,1
sirstv2_000314.png,SIRST_V2,train,0,0,background,high,1
sirstv2_000315.png,SIRST_V2,train,0,0,background,high,1
sirstv2_000316.png,SIRST_V2,train,0,0,background,high,1
sirstv2_000317.png,SIRST_V2,train,0,0,background,mid,1
sirstv2_000318.png,SIRST_V2,train,0,0,background,high,1
sirstv2_000319.png,SIRST_V2,train,0,0,background,high,1
sirstv2_000320.png,SIRST_V2,train,0,0,background,high,1
sirstv2_000323.png,SIRST_V2,train,0,0,background,high,1
sirstv2_000324.png,SIRST_V2,train,0,0,background,high,1
sirstv2_000325.png,SIRST_V2,train,0,0,background,high,1
sirstv2_000329.png,SIRST_V2,train,1,24,tiny,low,0
sirstv2_000330.png,SIRST_V2,train,1,35,tiny,high,0
sirstv2_000331.png,SIRST_V2,train,1,119,medium,low,0
sirstv2_000332.png,SIRST_V2,train,1,600,medium,mid,0
sirstv2_000333.png,SIRST_V2,train,1,476,medium,high,0
sirstv2_000334.png,SIRST_V2,train,1,34,tiny,low,0
sirstv2_000335.png,SIRST_V2,train,1,182,medium,high,0
sirstv2_000336.png,SIRST_V2,train,1,84,small,mid,0
sirstv2_000339.png,SIRST_V2,train,1,170,medium,mid,0
sirstv2_000342.png,SIRST_V2,train,1,32,tiny,mid,0
sirstv2_000343.png,SIRST_V2,train,1,91,medium,low,0
sirstv2_000345.png,SIRST_V2,train,1,56,small,low,0
sirstv2_000347.png,SIRST_V2,train,1,28,tiny,high,0
sirstv2_000348.png,SIRST_V2,train,1,54,small,high,0
sirstv2_000349.png,SIRST_V2,train,1,50,small,high,0
sirstv2_000350.png,SIRST_V2,train,1,25,tiny,high,0
sirstv2_000351.png,SIRST_V2,train,1,4,tiny,mid,0
sirstv2_000352.png,SIRST_V2,train,1,96,medium,mid,0
sirstv2_000353.png,SIRST_V2,train,1,12,tiny,low,0
sirstv2_000358.png,SIRST_V2,train,1,21,tiny,low,0
sirstv2_000359.png,SIRST_V2,train,1,24,tiny,low,0
sirstv2_000360.png,SIRST_V2,train,1,55,small,low,0
sirstv2_000361.png,SIRST_V2,train,1,9,tiny,mid,0
sirstv2_000363.png,SIRST_V2,train,1,280,medium,low,0
sirstv2_000364.png,SIRST_V2,train,1,50,small,mid,0
sirstv2_000366.png,SIRST_V2,train,1,180,medium,mid,0
sirstv2_000368.png,SIRST_V2,train,1,35,tiny,mid,0
sirstv2_000369.png,SIRST_V2,train,1,408,medium,mid,0
sirstv2_000371.png,SIRST_V2,train,1,15,tiny,low,0
sirstv2_000373.png,SIRST_V2,train,1,88,small,low,0
sirstv2_000374.png,SIRST_V2,train,1,16,tiny,mid,0
sirstv2_000375.png,SIRST_V2,train,1,28,tiny,high,0
sirstv2_000377.png,SIRST_V2,train,1,130,medium,high,0
sirstv2_000378.png,SIRST_V2,train,1,24,tiny,low,0
sirstv2_000380.png,SIRST_V2,train,1,25,tiny,low,0
sirstv2_000381.png,SIRST_V2,train,1,15,tiny,low,0
sirstv2_000383.png,SIRST_V2,train,1,49,small,low,0
sirstv2_000384.png,SIRST_V2,train,1,12,tiny,high,0
sirstv2_000385.png,SIRST_V2,train,1,20,tiny,high,0
sirstv2_000386.png,SIRST_V2,train,1,12,tiny,high,0
sirstv2_000387.png,SIRST_V2,train,1,49,small,low,0
sirstv2_000388.png,SIRST_V2,train,1,16,tiny,low,0
sirstv2_000389.png,SIRST_V2,train,1,12,tiny,mid,0
sirstv2_000390.png,SIRST_V2,train,1,30,tiny,mid,0
sirstv2_000392.png,SIRST_V2,train,1,16,tiny,mid,0
sirstv2_000393.png,SIRST_V2,train,1,20,tiny,low,0
sirstv2_000394.png,SIRST_V2,train,1,15,tiny,mid,0
sirstv2_000395.png,SIRST_V2,train,1,15,tiny,high,0
sirstv2_000396.png,SIRST_V2,train,1,20,tiny,low,0
sirstv2_000397.png,SIRST_V2,train,1,20,tiny,high,0
sirstv2_000398.png,SIRST_V2,train,1,42,small,low,0
sirstv2_000399.png,SIRST_V2,train,1,12,tiny,low,0
sirstv2_000400.png,SIRST_V2,train,1,9,tiny,low,0
sirstv2_000401.png,SIRST_V2,train,1,16,tiny,low,0
sirstv2_000404.png,SIRST_V2,train,1,18,tiny,mid,0
sirstv2_000405.png,SIRST_V2,train,1,9,tiny,low,0
sirstv2_000406.png,SIRST_V2,train,1,28,tiny,low,0
sirstv2_000407.png,SIRST_V2,train,1,24,tiny,high,0
sirstv2_000409.png,SIRST_V2,train,1,12,tiny,high,0
sirstv2_000411.png,SIRST_V2,train,1,44,small,low,0
sirstv2_000412.png,SIRST_V2,train,1,24,tiny,high,0
sirstv2_000413.png,SIRST_V2,train,1,24,tiny,high,0
sirstv2_000414.png,SIRST_V2,train,1,12,tiny,high,0
sirstv2_000415.png,SIRST_V2,train,1,24,tiny,high,0
sirstv2_000416.png,SIRST_V2,train,1,366,medium,low,0
sirstv2_000418.png,SIRST_V2,train,1,16,tiny,high,0
sirstv2_000419.png,SIRST_V2,train,1,20,tiny,low,0
sirstv2_000420.png,SIRST_V2,train,1,20,tiny,low,0
sirstv2_000421.png,SIRST_V2,train,1,35,tiny,low,0
sirstv2_000422.png,SIRST_V2,train,1,70,small,low,0
sirstv2_000423.png,SIRST_V2,train,1,21,tiny,low,0
sirstv2_000424.png,SIRST_V2,train,1,40,small,low,0
sirstv2_000425.png,SIRST_V2,train,1,9,tiny,low,0
sirstv2_000427.png,SIRST_V2,train,1,18,tiny,mid,0
sirstv2_000428.png,SIRST_V2,train,1,16,tiny,low,0
sirstv2_000429.png,SIRST_V2,train,1,18,tiny,low,0
sirstv2_000430.png,SIRST_V2,train,1,20,tiny,low,0
sirstv2_000431.png,SIRST_V2,train,1,8,tiny,low,0
sirstv2_000434.png,SIRST_V2,train,1,12,tiny,low,0
sirstv2_000435.png,SIRST_V2,train,1,28,tiny,mid,0
sirstv2_000436.png,SIRST_V2,train,1,36,small,low,0
sirstv2_000437.png,SIRST_V2,train,1,35,tiny,low,0
sirstv2_000438.png,SIRST_V2,train,1,276,medium,high,0
sirstv2_000439.png,SIRST_V2,train,1,20,tiny,low,0
sirstv2_000440.png,SIRST_V2,train,1,12,tiny,low,0
sirstv2_000441.png,SIRST_V2,train,1,28,tiny,low,0
sirstv2_000443.png,SIRST_V2,train,1,20,tiny,high,0
sirstv2_000444.png,SIRST_V2,train,1,16,tiny,low,0
sirstv2_000447.png,SIRST_V2,train,1,32,tiny,low,0
sirstv2_000448.png,SIRST_V2,train,1,46,small,low,0
sirstv2_000450.png,SIRST_V2,train,1,20,tiny,mid,0
sirstv2_000451.png,SIRST_V2,train,1,20,tiny,low,0
sirstv2_000452.png,SIRST_V2,train,1,40,small,low,0
sirstv2_000453.png,SIRST_V2,train,1,30,tiny,low,0
sirstv2_000454.png,SIRST_V2,train,1,56,small,mid,0
sirstv2_000455.png,SIRST_V2,train,1,209,medium,low,0
sirstv2_000457.png,SIRST_V2,train,1,24,tiny,low,0
sirstv2_000458.png,SIRST_V2,train,1,63,small,mid,0
sirstv2_000459.png,SIRST_V2,train,1,54,small,low,0
sirstv2_000460.png,SIRST_V2,train,1,45,small,low,0
sirstv2_000462.png,SIRST_V2,train,1,18,tiny,low,0
sirstv2_000463.png,SIRST_V2,train,1,12,tiny,low,0
sirstv2_000464.png,SIRST_V2,train,1,34,tiny,low,0
sirstv2_000465.png,SIRST_V2,train,1,82,small,low,0
sirstv2_000466.png,SIRST_V2,train,1,30,tiny,low,0
sirstv2_000468.png,SIRST_V2,train,1,70,small,low,0
sirstv2_000469.png,SIRST_V2,train,1,12,tiny,low,0
sirstv2_000471.png,SIRST_V2,train,1,65,small,low,0
sirstv2_000473.png,SIRST_V2,train,1,30,tiny,mid,0
sirstv2_000474.png,SIRST_V2,train,1,15,tiny,low,0
sirstv2_000476.png,SIRST_V2,train,1,28,tiny,low,0
sirstv2_000478.png,SIRST_V2,train,1,16,tiny,low,0
sirstv2_000481.png,SIRST_V2,train,1,12,tiny,mid,0
sirstv2_000482.png,SIRST_V2,train,1,99,medium,low,0
sirstv2_000483.png,SIRST_V2,train,1,165,medium,mid,0
sirstv2_000484.png,SIRST_V2,train,1,112,medium,low,0
sirstv2_000485.png,SIRST_V2,train,1,182,medium,low,0
sirstv2_000486.png,SIRST_V2,train,1,25,tiny,low,0
sirstv2_000487.png,SIRST_V2,train,1,108,medium,mid,0
sirstv2_000489.png,SIRST_V2,train,1,36,small,mid,0
sirstv2_000490.png,SIRST_V2,train,1,50,small,mid,0
sirstv2_000493.png,SIRST_V2,train,1,122,medium,low,0
sirstv2_000494.png,SIRST_V2,train,1,36,small,low,0
sirstv2_000495.png,SIRST_V2,train,1,103,medium,low,0
sirstv2_000497.png,SIRST_V2,train,1,21,tiny,low,0
sirstv2_000498.png,SIRST_V2,train,1,24,tiny,mid,0
sirstv2_000499.png,SIRST_V2,train,1,8,tiny,low,0
sirstv2_000501.png,SIRST_V2,train,1,12,tiny,mid,0
sirstv2_000502.png,SIRST_V2,train,1,99,medium,high,0
sirstv2_000503.png,SIRST_V2,train,1,16,tiny,low,0
sirstv2_000508.png,SIRST_V2,train,1,63,small,mid,0
sirstv2_000509.png,SIRST_V2,train,1,21,tiny,low,0
sirstv2_000510.png,SIRST_V2,train,1,18,tiny,low,0
sirstv2_000511.png,SIRST_V2,train,1,49,small,high,0
sirstv2_000512.png,SIRST_V2,train,1,36,small,mid,0
sirstv2_000513.png,SIRST_V2,train,1,130,medium,mid,0
sirstv2_000514.png,SIRST_V2,train,1,30,tiny,mid,0
sirstv2_000515.png,SIRST_V2,train,1,30,tiny,low,0
sirstv2_000518.png,SIRST_V2,train,1,25,tiny,low,0
sirstv2_000519.png,SIRST_V2,train,1,25,tiny,low,0
sirstv2_000520.png,SIRST_V2,train,1,56,small,low,0
sirstv2_000521.png,SIRST_V2,train,1,16,tiny,low,0
sirstv2_000523.png,SIRST_V2,train,1,121,medium,low,0
sirstv2_000524.png,SIRST_V2,train,1,88,small,low,0
sirstv2_000526.png,SIRST_V2,train,1,80,small,mid,0
sirstv2_000527.png,SIRST_V2,train,1,196,medium,low,0
sirstv2_000529.png,SIRST_V2,train,1,24,tiny,mid,0
sirstv2_000530.png,SIRST_V2,train,1,16,tiny,low,0
sirstv2_000532.png,SIRST_V2,train,1,50,small,high,0
sirstv2_000533.png,SIRST_V2,train,1,14,tiny,mid,0
sirstv2_000537.png,SIRST_V2,train,1,16,tiny,low,0
sirstv2_000539.png,SIRST_V2,train,1,112,medium,low,0
sirstv2_000540.png,SIRST_V2,train,1,152,medium,mid,0
sirstv2_000541.png,SIRST_V2,train,1,20,tiny,low,0
sirstv2_000543.png,SIRST_V2,train,1,18,tiny,low,0
sirstv2_000544.png,SIRST_V2,train,1,42,small,low,0
sirstv2_000545.png,SIRST_V2,train,1,25,tiny,low,0
sirstv2_000547.png,SIRST_V2,train,1,83,small,low,0
sirstv2_000548.png,SIRST_V2,train,1,56,small,low,0
sirstv2_000549.png,SIRST_V2,train,1,30,tiny,high,0
sirstv2_000551.png,SIRST_V2,train,1,50,small,low,0
sirstv2_000552.png,SIRST_V2,train,1,49,small,low,0
sirstv2_000553.png,SIRST_V2,train,1,84,small,low,0
sirstv2_000554.png,SIRST_V2,train,1,108,medium,low,0
sirstv2_000556.png,SIRST_V2,train,1,30,tiny,low,0
sirstv2_000558.png,SIRST_V2,train,1,18,tiny,low,0
sirstv2_000559.png,SIRST_V2,train,1,40,small,low,0
sirstv2_000560.png,SIRST_V2,train,1,62,small,low,0
sirstv2_000563.png,SIRST_V2,train,1,24,tiny,low,0
sirstv2_000564.png,SIRST_V2,train,1,40,small,low,0
sirstv2_000565.png,SIRST_V2,train,1,202,medium,low,0
sirstv2_000567.png,SIRST_V2,train,1,15,tiny,high,0
sirstv2_000568.png,SIRST_V2,train,1,62,small,low,0
sirstv2_000569.png,SIRST_V2,train,1,74,small,low,0
sirstv2_000571.png,SIRST_V2,train,1,16,tiny,low,0
sirstv2_000572.png,SIRST_V2,train,1,9,tiny,low,0
sirstv2_000573.png,SIRST_V2,train,1,65,small,low,0
sirstv2_000574.png,SIRST_V2,train,1,55,small,low,0
sirstv2_000575.png,SIRST_V2,train,1,99,medium,high,0
sirstv2_000576.png,SIRST_V2,train,1,16,tiny,low,0
sirstv2_000577.png,SIRST_V2,train,1,24,tiny,low,0
sirstv2_000578.png,SIRST_V2,train,1,16,tiny,low,0
sirstv2_000579.png,SIRST_V2,train,1,50,small,low,0
sirstv2_000580.png,SIRST_V2,train,1,20,tiny,low,0
sirstv2_000581.png,SIRST_V2,train,1,20,tiny,low,0
sirstv2_000582.png,SIRST_V2,train,1,20,tiny,mid,0
sirstv2_000583.png,SIRST_V2,train,1,9,tiny,high,0
sirstv2_000584.png,SIRST_V2,train,1,36,small,high,0
sirstv2_000585.png,SIRST_V2,train,1,16,tiny,low,0
sirstv2_000586.png,SIRST_V2,train,1,24,tiny,high,0
sirstv2_000591.png,SIRST_V2,train,1,6,tiny,low,0
sirstv2_000593.png,SIRST_V2,train,1,8,tiny,low,0
sirstv2_000594.png,SIRST_V2,train,1,78,small,low,0
sirstv2_000595.png,SIRST_V2,train,1,30,tiny,low,0
sirstv2_000596.png,SIRST_V2,train,1,12,tiny,low,0
sirstv2_000601.png,SIRST_V2,train,1,15,tiny,low,0
sirstv2_000602.png,SIRST_V2,train,1,6,tiny,low,0
sirstv2_000603.png,SIRST_V2,train,1,30,tiny,low,0
sirstv2_000605.png,SIRST_V2,train,1,9,tiny,high,0
sirstv2_000606.png,SIRST_V2,train,1,30,tiny,low,0
sirstv2_000607.png,SIRST_V2,train,1,15,tiny,mid,0
sirstv2_000608.png,SIRST_V2,train,1,48,small,high,0
sirstv2_000609.png,SIRST_V2,train,1,56,small,high,0
sirstv2_000610.png,SIRST_V2,train,1,49,small,high,0
sirstv2_000611.png,SIRST_V2,train,1,32,tiny,low,0
sirstv2_000612.png,SIRST_V2,train,1,42,small,mid,0
sirstv2_000613.png,SIRST_V2,train,1,30,tiny,high,0
sirstv2_000614.png,SIRST_V2,train,1,70,small,high,0
sirstv2_000615.png,SIRST_V2,train,1,106,medium,high,0
sirstv2_000617.png,SIRST_V2,train,1,24,tiny,high,0
sirstv2_000618.png,SIRST_V2,train,1,56,small,low,0
sirstv2_000619.png,SIRST_V2,train,1,28,tiny,high,0
sirstv2_000620.png,SIRST_V2,train,1,30,tiny,high,0
sirstv2_000621.png,SIRST_V2,train,1,24,tiny,low,0
sirstv2_000622.png,SIRST_V2,train,1,42,small,low,0
sirstv2_000623.png,SIRST_V2,train,1,16,tiny,high,0
sirstv2_000624.png,SIRST_V2,train,1,20,tiny,mid,0
sirstv2_000626.png,SIRST_V2,train,1,12,tiny,low,0
sirstv2_000627.png,SIRST_V2,train,1,9,tiny,high,0
sirstv2_000628.png,SIRST_V2,train,1,4,tiny,mid,0
sirstv2_000629.png,SIRST_V2,train,1,6,tiny,mid,0
sirstv2_000630.png,SIRST_V2,train,1,20,tiny,high,0
sirstv2_000632.png,SIRST_V2,train,1,40,small,mid,0
sirstv2_000633.png,SIRST_V2,train,1,63,small,mid,0
sirstv2_000634.png,SIRST_V2,train,1,81,small,mid,0
sirstv2_000637.png,SIRST_V2,train,1,233,medium,mid,0
sirstv2_000638.png,SIRST_V2,train,1,65,small,mid,0
sirstv2_000639.png,SIRST_V2,train,1,132,medium,mid,0
sirstv2_000641.png,SIRST_V2,train,1,42,small,high,0
sirstv2_000642.png,SIRST_V2,train,1,72,small,high,0
sirstv2_000645.png,SIRST_V2,train,1,80,small,high,0
sirstv2_000646.png,SIRST_V2,train,1,48,small,mid,0
sirstv2_000649.png,SIRST_V2,train,1,28,tiny,high,0
sirstv2_000652.png,SIRST_V2,train,1,195,medium,high,0
sirstv2_000655.png,SIRST_V2,train,1,42,small,high,0
sirstv2_000656.png,SIRST_V2,train,1,64,small,high,0
sirstv2_000657.png,SIRST_V2,train,1,36,small,high,0
sirstv2_000658.png,SIRST_V2,train,1,72,small,high,0
sirstv2_000659.png,SIRST_V2,train,1,56,small,mid,0
sirstv2_000661.png,SIRST_V2,train,1,9,tiny,low,0
sirstv2_000662.png,SIRST_V2,train,1,80,small,low,0
sirstv2_000664.png,SIRST_V2,train,1,9,tiny,mid,0
sirstv2_000665.png,SIRST_V2,train,1,56,small,low,0
sirstv2_000669.png,SIRST_V2,train,1,40,small,mid,0
sirstv2_000670.png,SIRST_V2,train,1,50,small,high,0
sirstv2_000671.png,SIRST_V2,train,1,35,tiny,high,0
sirstv2_000672.png,SIRST_V2,train,1,45,small,low,0
sirstv2_000673.png,SIRST_V2,train,1,24,tiny,low,0
sirstv2_000674.png,SIRST_V2,train,1,210,medium,low,0
sirstv2_000675.png,SIRST_V2,train,1,16,tiny,low,0
sirstv2_000676.png,SIRST_V2,train,1,6,tiny,high,0
sirstv2_000677.png,SIRST_V2,train,1,65,small,low,0
sirstv2_000679.png,SIRST_V2,train,1,99,medium,low,0
sirstv2_000680.png,SIRST_V2,train,1,12,tiny,low,0
sirstv2_000681.png,SIRST_V2,train,1,12,tiny,low,0
sirstv2_000682.png,SIRST_V2,train,1,42,small,low,0
sirstv2_000683.png,SIRST_V2,train,1,35,tiny,mid,0
sirstv2_000684.png,SIRST_V2,train,1,65,small,low,0
sirstv2_000685.png,SIRST_V2,train,1,41,small,low,0
sirstv2_000686.png,SIRST_V2,train,1,15,tiny,low,0
sirstv2_000687.png,SIRST_V2,train,1,32,tiny,mid,0
sirstv2_000688.png,SIRST_V2,train,1,81,small,low,0
sirstv2_000689.png,SIRST_V2,train,1,85,small,mid,0
sirstv2_000690.png,SIRST_V2,train,1,171,medium,low,0
sirstv2_000692.png,SIRST_V2,train,1,20,tiny,low,0
sirstv2_000693.png,SIRST_V2,train,1,84,small,low,0
sirstv2_000695.png,SIRST_V2,train,1,42,small,low,0
sirstv2_000696.png,SIRST_V2,train,1,9,tiny,high,0
sirstv2_000698.png,SIRST_V2,train,1,18,tiny,mid,0
sirstv2_000700.png,SIRST_V2,train,1,30,tiny,low,0
sirstv2_000703.png,SIRST_V2,train,1,61,small,mid,0
sirstv2_000704.png,SIRST_V2,train,1,56,small,low,0
sirstv2_000705.png,SIRST_V2,train,1,30,tiny,low,0
sirstv2_000706.png,SIRST_V2,train,1,32,tiny,mid,0
sirstv2_000707.png,SIRST_V2,train,1,12,tiny,low,0
sirstv2_000710.png,SIRST_V2,train,1,54,small,low,0
sirstv2_000711.png,SIRST_V2,train,1,253,medium,low,0
sirstv2_000712.png,SIRST_V2,train,1,80,small,low,0
sirstv2_000714.png,SIRST_V2,train,1,152,medium,low,0
sirstv2_000715.png,SIRST_V2,train,1,104,medium,low,0
sirstv2_000716.png,SIRST_V2,train,1,296,medium,low,0
sirstv2_000717.png,SIRST_V2,train,1,18,tiny,high,0
sirstv2_000721.png,SIRST_V2,train,1,75,small,mid,0
sirstv2_000722.png,SIRST_V2,train,1,36,small,low,0
sirstv2_000724.png,SIRST_V2,train,1,30,tiny,low,0
sirstv2_000725.png,SIRST_V2,train,1,9,tiny,high,0
sirstv2_000727.png,SIRST_V2,train,1,126,medium,low,0
sirstv2_000728.png,SIRST_V2,train,1,18,tiny,low,0
sirstv2_000729.png,SIRST_V2,train,1,108,medium,high,0
sirstv2_000730.png,SIRST_V2,train,1,45,small,low,0
sirstv2_000731.png,SIRST_V2,train,1,20,tiny,low,0
sirstv2_000732.png,SIRST_V2,train,1,12,tiny,mid,0
sirstv2_000733.png,SIRST_V2,train,1,80,small,mid,0
sirstv2_000734.png,SIRST_V2,train,1,36,small,low,0
sirstv2_000735.png,SIRST_V2,train,1,50,small,mid,0
sirstv2_000736.png,SIRST_V2,train,1,9,tiny,high,0
sirstv2_000738.png,SIRST_V2,train,1,49,small,low,0
sirstv2_000745.png,SIRST_V2,train,1,130,medium,high,0
sirstv2_000746.png,SIRST_V2,train,1,70,small,high,0
sirstv2_000749.png,SIRST_V2,train,1,70,small,high,0
sirstv2_000750.png,SIRST_V2,train,1,160,medium,high,0
sirstv2_000753.png,SIRST_V2,train,1,85,small,low,0
sirstv2_000755.png,SIRST_V2,train,0,0,background,high,1
sirstv2_000756.png,SIRST_V2,train,0,0,background,mid,1
sirstv2_000757.png,SIRST_V2,train,0,0,background,mid,1
sirstv2_000758.png,SIRST_V2,train,0,0,background,high,1
sirstv2_000760.png,SIRST_V2,train,0,0,background,high,1
sirstv2_000762.png,SIRST_V2,train,0,0,background,mid,1
sirstv2_000763.png,SIRST_V2,train,0,0,background,mid,1
sirstv2_000764.png,SIRST_V2,train,0,0,background,high,1
sirstv2_000765.png,SIRST_V2,train,0,0,background,mid,1
sirstv2_000766.png,SIRST_V2,train,0,0,background,mid,1
sirstv2_000769.png,SIRST_V2,train,0,0,background,mid,1
sirstv2_000771.png,SIRST_V2,train,0,0,background,mid,1
sirstv2_000773.png,SIRST_V2,train,0,0,background,low,1
sirstv2_000774.png,SIRST_V2,train,0,0,background,mid,1
sirstv2_000775.png,SIRST_V2,train,0,0,background,high,1
sirstv2_000776.png,SIRST_V2,train,0,0,background,mid,1
sirstv2_000777.png,SIRST_V2,train,0,0,background,mid,1
sirstv2_000779.png,SIRST_V2,train,0,0,background,mid,1
sirstv2_000780.png,SIRST_V2,train,0,0,background,mid,1
sirstv2_000781.png,SIRST_V2,train,1,90,small,low,0
sirstv2_000783.png,SIRST_V2,train,1,18,tiny,low,0
sirstv2_000788.png,SIRST_V2,train,1,72,small,high,0
sirstv2_000789.png,SIRST_V2,train,1,336,medium,low,0
sirstv2_000790.png,SIRST_V2,train,1,208,medium,low,0
sirstv2_000791.png,SIRST_V2,train,1,460,medium,low,0
sirstv2_000792.png,SIRST_V2,train,1,30,tiny,mid,0
sirstv2_000793.png,SIRST_V2,train,1,64,small,mid,0
sirstv2_000794.png,SIRST_V2,train,1,40,small,mid,0
sirstv2_000795.png,SIRST_V2,train,1,35,tiny,high,0
sirstv2_000796.png,SIRST_V2,train,1,42,small,high,0
sirstv2_000800.png,SIRST_V2,train,1,28,tiny,high,0
sirstv2_000801.png,SIRST_V2,train,1,33,tiny,mid,0
sirstv2_000802.png,SIRST_V2,train,1,57,small,mid,0
sirstv2_000804.png,SIRST_V2,train,1,27,tiny,mid,0
sirstv2_000806.png,SIRST_V2,train,1,70,small,high,0
sirstv2_000808.png,SIRST_V2,train,1,144,medium,mid,0
sirstv2_000809.png,SIRST_V2,train,1,161,medium,mid,0
sirstv2_000810.png,SIRST_V2,train,1,90,small,mid,0
sirstv2_000811.png,SIRST_V2,train,1,114,medium,mid,0
sirstv2_000812.png,SIRST_V2,train,1,120,medium,mid,0
sirstv2_000815.png,SIRST_V2,train,1,90,small,mid,0
sirstv2_000817.png,SIRST_V2,train,1,80,small,low,0
sirstv2_000818.png,SIRST_V2,train,1,75,small,mid,0
sirstv2_000819.png,SIRST_V2,train,1,96,medium,high,0
sirstv2_000820.png,SIRST_V2,train,1,79,small,mid,0
sirstv2_000822.png,SIRST_V2,train,1,27,tiny,mid,0
sirstv2_000824.png,SIRST_V2,train,1,322,medium,low,0
sirstv2_000825.png,SIRST_V2,train,1,672,medium,low,0
sirstv2_000827.png,SIRST_V2,train,1,64,small,low,0
sirstv2_000828.png,SIRST_V2,train,1,81,small,low,0
sirstv2_000829.png,SIRST_V2,train,1,156,medium,low,0
sirstv2_000830.png,SIRST_V2,train,1,30,tiny,mid,0
sirstv2_000832.png,SIRST_V2,train,1,30,tiny,mid,0
sirstv2_000834.png,SIRST_V2,train,1,30,tiny,low,0
sirstv2_000837.png,SIRST_V2,train,1,72,small,low,0
sirstv2_000840.png,SIRST_V2,train,1,48,small,mid,0
sirstv2_000841.png,SIRST_V2,train,1,28,tiny,low,0
sirstv2_000842.png,SIRST_V2,train,1,24,tiny,high,0
sirstv2_000845.png,SIRST_V2,train,1,20,tiny,mid,0
sirstv2_000846.png,SIRST_V2,train,1,8,tiny,mid,0
sirstv2_000847.png,SIRST_V2,train,1,32,tiny,mid,0
sirstv2_000848.png,SIRST_V2,train,1,48,small,low,0
sirstv2_000849.png,SIRST_V2,train,1,24,tiny,high,0
sirstv2_000850.png,SIRST_V2,train,1,66,small,low,0
sirstv2_000851.png,SIRST_V2,train,1,48,small,low,0
sirstv2_000853.png,SIRST_V2,train,1,20,tiny,high,0
sirstv2_000855.png,SIRST_V2,train,1,48,small,high,0
sirstv2_000856.png,SIRST_V2,train,1,60,small,low,0
sirstv2_000857.png,SIRST_V2,train,1,12,tiny,high,0
sirstv2_000858.png,SIRST_V2,train,1,20,tiny,high,0
sirstv2_000859.png,SIRST_V2,train,1,12,tiny,high,0
sirstv2_000862.png,SIRST_V2,train,1,45,small,mid,0
sirstv2_000863.png,SIRST_V2,train,1,80,small,high,0
sirstv2_000864.png,SIRST_V2,train,1,30,tiny,high,0
sirstv2_000865.png,SIRST_V2,train,1,20,tiny,mid,0
sirstv2_000866.png,SIRST_V2,train,1,16,tiny,high,0
sirstv2_000867.png,SIRST_V2,train,0,0,background,mid,1
sirstv2_000868.png,SIRST_V2,train,0,0,background,low,1
sirstv2_000871.png,SIRST_V2,train,0,0,background,mid,1
sirstv2_000872.png,SIRST_V2,train,0,0,background,high,1
sirstv2_000873.png,SIRST_V2,train,0,0,background,mid,1
sirstv2_000874.png,SIRST_V2,train,0,0,background,low,1
sirstv2_000875.png,SIRST_V2,train,0,0,background,low,1
sirstv2_000877.png,SIRST_V2,train,0,0,background,high,1
sirstv2_000880.png,SIRST_V2,train,0,0,background,mid,1
sirstv2_000881.png,SIRST_V2,train,0,0,background,high,1
sirstv2_000882.png,SIRST_V2,train,0,0,background,high,1
sirstv2_000885.png,SIRST_V2,train,0,0,background,low,1
sirstv2_000887.png,SIRST_V2,train,0,0,background,low,1
sirstv2_000888.png,SIRST_V2,train,0,0,background,low,1
sirstv2_000889.png,SIRST_V2,train,0,0,background,mid,1
sirstv2_000892.png,SIRST_V2,train,0,0,background,mid,1
sirstv2_000893.png,SIRST_V2,train,0,0,background,mid,1
sirstv2_000895.png,SIRST_V2,train,0,0,background,mid,1
sirstv2_000898.png,SIRST_V2,train,0,0,background,high,1
sirstv2_000900.png,SIRST_V2,train,0,0,background,mid,1
sirstv2_000901.png,SIRST_V2,train,0,0,background,mid,1
sirstv2_000902.png,SIRST_V2,train,0,0,background,high,1
sirstv2_000904.png,SIRST_V2,train,0,0,background,mid,1
sirstv2_000906.png,SIRST_V2,train,0,0,background,mid,1
sirstv2_000907.png,SIRST_V2,train,0,0,background,mid,1
sirstv2_000908.png,SIRST_V2,train,0,0,background,mid,1
sirstv2_000909.png,SIRST_V2,train,0,0,background,mid,1
sirstv2_000910.png,SIRST_V2,train,0,0,background,low,1
sirstv2_000913.png,SIRST_V2,train,0,0,background,high,1
sirstv2_000914.png,SIRST_V2,train,0,0,background,high,1
sirstv2_000915.png,SIRST_V2,train,0,0,background,high,1
sirstv2_000916.png,SIRST_V2,train,0,0,background,mid,1
sirstv2_000917.png,SIRST_V2,train,0,0,background,mid,1
sirstv2_000918.png,SIRST_V2,train,0,0,background,high,1
sirstv2_000920.png,SIRST_V2,train,0,0,background,mid,1
sirstv2_000921.png,SIRST_V2,train,0,0,background,mid,1
sirstv2_000922.png,SIRST_V2,train,0,0,background,high,1
sirstv2_000923.png,SIRST_V2,train,0,0,background,mid,1
sirstv2_000924.png,SIRST_V2,train,0,0,background,high,1
sirstv2_000925.png,SIRST_V2,train,0,0,background,high,1
sirstv2_000926.png,SIRST_V2,train,0,0,background,high,1
sirstv2_000927.png,SIRST_V2,train,0,0,background,high,1
sirstv2_000928.png,SIRST_V2,train,0,0,background,high,1
sirstv2_000929.png,SIRST_V2,train,0,0,background,high,1
sirstv2_000930.png,SIRST_V2,train,0,0,background,mid,1
sirstv2_000932.png,SIRST_V2,train,0,0,background,low,1
sirstv2_000933.png,SIRST_V2,train,0,0,background,mid,1
sirstv2_000934.png,SIRST_V2,train,0,0,background,high,1
sirstv2_000935.png,SIRST_V2,train,0,0,background,mid,1
sirstv2_000938.png,SIRST_V2,train,0,0,background,mid,1
sirstv2_000940.png,SIRST_V2,train,0,0,background,high,1
sirstv2_000942.png,SIRST_V2,train,0,0,background,high,1
sirstv2_000944.png,SIRST_V2,train,0,0,background,mid,1
sirstv2_000945.png,SIRST_V2,train,0,0,background,high,1
sirstv2_000948.png,SIRST_V2,train,0,0,background,mid,1
sirstv2_000951.png,SIRST_V2,train,0,0,background,high,1
sirstv2_000952.png,SIRST_V2,train,0,0,background,high,1
sirstv2_000953.png,SIRST_V2,train,0,0,background,high,1
sirstv2_000954.png,SIRST_V2,train,0,0,background,high,1
sirstv2_000955.png,SIRST_V2,train,0,0,background,mid,1
sirstv2_000956.png,SIRST_V2,train,0,0,background,high,1
sirstv2_000957.png,SIRST_V2,train,0,0,background,high,1
sirstv2_000958.png,SIRST_V2,train,0,0,background,high,1
sirstv2_000959.png,SIRST_V2,train,0,0,background,high,1
sirstv2_000961.png,SIRST_V2,train,0,0,background,high,1
sirstv2_000962.png,SIRST_V2,train,0,0,background,mid,1
sirstv2_000963.png,SIRST_V2,train,0,0,background,high,1
sirstv2_000966.png,SIRST_V2,train,0,0,background,low,1
sirstv2_000967.png,SIRST_V2,train,0,0,background,low,1
sirstv2_000969.png,SIRST_V2,train,0,0,background,high,1
sirstv2_000970.png,SIRST_V2,train,0,0,background,high,1
sirstv2_000971.png,SIRST_V2,train,0,0,background,low,1
sirstv2_000972.png,SIRST_V2,train,0,0,background,high,1
sirstv2_000975.png,SIRST_V2,train,0,0,background,mid,1
sirstv2_000976.png,SIRST_V2,train,0,0,background,high,1
sirstv2_000977.png,SIRST_V2,train,0,0,background,high,1
sirstv2_000978.png,SIRST_V2,train,0,0,background,high,1
sirstv2_000980.png,SIRST_V2,train,0,0,background,high,1
sirstv2_000981.png,SIRST_V2,train,0,0,background,high,1
sirstv2_000982.png,SIRST_V2,train,0,0,background,high,1
sirstv2_000984.png,SIRST_V2,train,0,0,background,high,1
sirstv2_000985.png,SIRST_V2,train,0,0,background,high,1
sirstv2_000988.png,SIRST_V2,train,0,0,background,mid,1
sirstv2_000989.png,SIRST_V2,train,0,0,background,high,1
sirstv2_000990.png,SIRST_V2,train,0,0,background,high,1
sirstv2_000991.png,SIRST_V2,train,0,0,background,mid,1
sirstv2_000992.png,SIRST_V2,train,0,0,background,mid,1
sirstv2_000994.png,SIRST_V2,train,0,0,background,high,1
sirstv2_000995.png,SIRST_V2,train,0,0,background,high,1
sirstv2_000998.png,SIRST_V2,train,0,0,background,high,1
sirstv2_001002.png,SIRST_V2,train,0,0,background,mid,1
sirstv2_001003.png,SIRST_V2,train,0,0,background,high,1
sirstv2_001004.png,SIRST_V2,train,0,0,background,mid,1
sirstv2_001005.png,SIRST_V2,train,0,0,background,high,1
sirstv2_001006.png,SIRST_V2,train,0,0,background,high,1
sirstv2_001007.png,SIRST_V2,train,0,0,background,high,1
sirstv2_001008.png,SIRST_V2,train,0,0,background,high,1
sirstv2_001010.png,SIRST_V2,train,0,0,background,mid,1
sirstv2_001012.png,SIRST_V2,train,0,0,background,high,1
sirstv2_001013.png,SIRST_V2,train,0,0,background,high,1
sirstv2_001014.png,SIRST_V2,train,0,0,background,high,1
sirstv2_001015.png,SIRST_V2,train,0,0,background,high,1
sirstv2_001016.png,SIRST_V2,train,0,0,background,high,1
sirstv2_001017.png,SIRST_V2,train,0,0,background,high,1
sirstv2_001018.png,SIRST_V2,train,0,0,background,high,1
sirstv2_001019.png,SIRST_V2,train,0,0,background,high,1
sirstv2_001020.png,SIRST_V2,train,0,0,background,high,1
sirstv2_001021.png,SIRST_V2,train,0,0,background,high,1
sirstv2_001022.png,SIRST_V2,train,0,0,background,high,1
sirstv2_000018.png,SIRST_V2,val,0,0,background,mid,1
sirstv2_000019.png,SIRST_V2,val,0,0,background,low,1
sirstv2_000029.png,SIRST_V2,val,0,0,background,high,1
sirstv2_000032.png,SIRST_V2,val,0,0,background,high,1
sirstv2_000038.png,SIRST_V2,val,0,0,background,low,1
sirstv2_000043.png,SIRST_V2,val,0,0,background,low,1
sirstv2_000058.png,SIRST_V2,val,0,0,background,mid,1
sirstv2_000066.png,SIRST_V2,val,0,0,background,high,1
sirstv2_000082.png,SIRST_V2,val,0,0,background,mid,1
sirstv2_000083.png,SIRST_V2,val,0,0,background,high,1
sirstv2_000089.png,SIRST_V2,val,0,0,background,low,1
sirstv2_000092.png,SIRST_V2,val,0,0,background,high,1
sirstv2_000103.png,SIRST_V2,val,0,0,background,high,1
sirstv2_000106.png,SIRST_V2,val,0,0,background,high,1
sirstv2_000110.png,SIRST_V2,val,0,0,background,high,1
sirstv2_000122.png,SIRST_V2,val,0,0,background,high,1
sirstv2_000134.png,SIRST_V2,val,0,0,background,high,1
sirstv2_000141.png,SIRST_V2,val,0,0,background,high,1
sirstv2_000144.png,SIRST_V2,val,0,0,background,high,1
sirstv2_000158.png,SIRST_V2,val,0,0,background,high,1
sirstv2_000175.png,SIRST_V2,val,0,0,background,high,1
sirstv2_000177.png,SIRST_V2,val,0,0,background,high,1
sirstv2_000178.png,SIRST_V2,val,0,0,background,high,1
sirstv2_000185.png,SIRST_V2,val,0,0,background,high,1
sirstv2_000192.png,SIRST_V2,val,0,0,background,high,1
sirstv2_000193.png,SIRST_V2,val,0,0,background,high,1
sirstv2_000199.png,SIRST_V2,val,0,0,background,high,1
sirstv2_000202.png,SIRST_V2,val,0,0,background,high,1
sirstv2_000206.png,SIRST_V2,val,0,0,background,high,1
sirstv2_000210.png,SIRST_V2,val,0,0,background,high,1
sirstv2_000221.png,SIRST_V2,val,0,0,background,high,1
sirstv2_000224.png,SIRST_V2,val,0,0,background,high,1
sirstv2_000226.png,SIRST_V2,val,0,0,background,high,1
sirstv2_000232.png,SIRST_V2,val,0,0,background,high,1
sirstv2_000234.png,SIRST_V2,val,0,0,background,high,1
sirstv2_000235.png,SIRST_V2,val,0,0,background,high,1
sirstv2_000251.png,SIRST_V2,val,0,0,background,high,1
sirstv2_000252.png,SIRST_V2,val,0,0,background,high,1
sirstv2_000255.png,SIRST_V2,val,0,0,background,high,1
sirstv2_000258.png,SIRST_V2,val,0,0,background,high,1
sirstv2_000263.png,SIRST_V2,val,0,0,background,high,1
sirstv2_000273.png,SIRST_V2,val,0,0,background,high,1
sirstv2_000280.png,SIRST_V2,val,0,0,background,high,1
sirstv2_000296.png,SIRST_V2,val,0,0,background,high,1
sirstv2_000306.png,SIRST_V2,val,0,0,background,high,1
sirstv2_000309.png,SIRST_V2,val,0,0,background,high,1
sirstv2_000326.png,SIRST_V2,val,0,0,background,high,1
sirstv2_000327.png,SIRST_V2,val,1,13,tiny,high,0
sirstv2_000328.png,SIRST_V2,val,1,56,small,mid,0
sirstv2_000337.png,SIRST_V2,val,1,28,tiny,mid,0
sirstv2_000341.png,SIRST_V2,val,1,48,small,low,0
sirstv2_000344.png,SIRST_V2,val,1,21,tiny,high,0
sirstv2_000356.png,SIRST_V2,val,1,50,small,mid,0
sirstv2_000357.png,SIRST_V2,val,1,15,tiny,low,0
sirstv2_000362.png,SIRST_V2,val,1,65,small,low,0
sirstv2_000367.png,SIRST_V2,val,1,15,tiny,high,0
sirstv2_000372.png,SIRST_V2,val,1,12,tiny,high,0
sirstv2_000376.png,SIRST_V2,val,1,20,tiny,mid,0
sirstv2_000391.png,SIRST_V2,val,1,30,tiny,high,0
sirstv2_000408.png,SIRST_V2,val,1,40,small,low,0
sirstv2_000410.png,SIRST_V2,val,1,12,tiny,low,0
sirstv2_000432.png,SIRST_V2,val,1,25,tiny,low,0
sirstv2_000446.png,SIRST_V2,val,1,16,tiny,mid,0
sirstv2_000449.png,SIRST_V2,val,1,26,tiny,low,0
sirstv2_000456.png,SIRST_V2,val,1,24,tiny,low,0
sirstv2_000461.png,SIRST_V2,val,1,9,tiny,low,0
sirstv2_000470.png,SIRST_V2,val,1,16,tiny,low,0
sirstv2_000472.png,SIRST_V2,val,1,9,tiny,mid,0
sirstv2_000480.png,SIRST_V2,val,1,15,tiny,low,0
sirstv2_000488.png,SIRST_V2,val,1,99,medium,low,0
sirstv2_000492.png,SIRST_V2,val,1,48,small,low,0
sirstv2_000500.png,SIRST_V2,val,1,65,small,low,0
sirstv2_000504.png,SIRST_V2,val,1,56,small,mid,0
sirstv2_000505.png,SIRST_V2,val,1,56,small,low,0
sirstv2_000516.png,SIRST_V2,val,1,24,tiny,low,0
sirstv2_000517.png,SIRST_V2,val,1,36,small,low,0
sirstv2_000525.png,SIRST_V2,val,1,12,tiny,low,0
sirstv2_000534.png,SIRST_V2,val,1,12,tiny,high,0
sirstv2_000536.png,SIRST_V2,val,1,25,tiny,low,0
sirstv2_000538.png,SIRST_V2,val,1,536,medium,low,0
sirstv2_000542.png,SIRST_V2,val,1,25,tiny,low,0
sirstv2_000550.png,SIRST_V2,val,1,42,small,low,0
sirstv2_000557.png,SIRST_V2,val,1,112,medium,low,0
sirstv2_000561.png,SIRST_V2,val,1,12,tiny,low,0
sirstv2_000589.png,SIRST_V2,val,1,12,tiny,low,0
sirstv2_000592.png,SIRST_V2,val,1,6,tiny,low,0
sirstv2_000598.png,SIRST_V2,val,1,12,tiny,mid,0
sirstv2_000599.png,SIRST_V2,val,1,42,small,low,0
sirstv2_000600.png,SIRST_V2,val,1,42,small,low,0
sirstv2_000631.png,SIRST_V2,val,1,49,small,low,0
sirstv2_000635.png,SIRST_V2,val,1,20,tiny,mid,0
sirstv2_000636.png,SIRST_V2,val,1,12,tiny,high,0
sirstv2_000640.png,SIRST_V2,val,1,99,medium,high,0
sirstv2_000644.png,SIRST_V2,val,1,30,tiny,mid,0
sirstv2_000650.png,SIRST_V2,val,1,56,small,high,0
sirstv2_000654.png,SIRST_V2,val,1,81,small,high,0
sirstv2_000663.png,SIRST_V2,val,1,36,small,low,0
sirstv2_000667.png,SIRST_V2,val,1,35,tiny,mid,0
sirstv2_000678.png,SIRST_V2,val,1,25,tiny,high,0
sirstv2_000697.png,SIRST_V2,val,1,90,small,mid,0
sirstv2_000701.png,SIRST_V2,val,1,18,tiny,low,0
sirstv2_000702.png,SIRST_V2,val,1,28,tiny,low,0
sirstv2_000718.png,SIRST_V2,val,1,16,tiny,high,0
sirstv2_000723.png,SIRST_V2,val,1,40,small,high,0
sirstv2_000737.png,SIRST_V2,val,1,85,small,low,0
sirstv2_000739.png,SIRST_V2,val,1,96,medium,mid,0
sirstv2_000741.png,SIRST_V2,val,1,160,medium,high,0
sirstv2_000744.png,SIRST_V2,val,1,270,medium,high,0
sirstv2_000751.png,SIRST_V2,val,1,20,tiny,low,0
sirstv2_000752.png,SIRST_V2,val,1,30,tiny,low,0
sirstv2_000759.png,SIRST_V2,val,0,0,background,high,1
sirstv2_000768.png,SIRST_V2,val,0,0,background,mid,1
sirstv2_000770.png,SIRST_V2,val,0,0,background,mid,1
sirstv2_000778.png,SIRST_V2,val,0,0,background,mid,1
sirstv2_000782.png,SIRST_V2,val,1,220,medium,low,0
sirstv2_000784.png,SIRST_V2,val,1,33,tiny,low,0
sirstv2_000785.png,SIRST_V2,val,1,77,small,mid,0
sirstv2_000786.png,SIRST_V2,val,1,42,small,low,0
sirstv2_000787.png,SIRST_V2,val,1,20,tiny,low,0
sirstv2_000805.png,SIRST_V2,val,1,85,small,high,0
sirstv2_000807.png,SIRST_V2,val,1,80,small,high,0
sirstv2_000813.png,SIRST_V2,val,1,144,medium,mid,0
sirstv2_000814.png,SIRST_V2,val,1,39,small,mid,0
sirstv2_000816.png,SIRST_V2,val,1,69,small,mid,0
sirstv2_000821.png,SIRST_V2,val,1,93,medium,low,0
sirstv2_000833.png,SIRST_V2,val,1,25,tiny,mid,0
sirstv2_000835.png,SIRST_V2,val,1,324,medium,low,0
sirstv2_000852.png,SIRST_V2,val,1,16,tiny,high,0
sirstv2_000861.png,SIRST_V2,val,1,126,medium,mid,0
sirstv2_000879.png,SIRST_V2,val,0,0,background,low,1
sirstv2_000883.png,SIRST_V2,val,0,0,background,low,1
sirstv2_000884.png,SIRST_V2,val,0,0,background,low,1
sirstv2_000886.png,SIRST_V2,val,0,0,background,mid,1
sirstv2_000890.png,SIRST_V2,val,0,0,background,mid,1
sirstv2_000891.png,SIRST_V2,val,0,0,background,mid,1
sirstv2_000896.png,SIRST_V2,val,0,0,background,mid,1
sirstv2_000897.png,SIRST_V2,val,0,0,background,mid,1
sirstv2_000899.png,SIRST_V2,val,0,0,background,mid,1
sirstv2_000903.png,SIRST_V2,val,0,0,background,mid,1
sirstv2_000912.png,SIRST_V2,val,0,0,background,mid,1
sirstv2_000936.png,SIRST_V2,val,0,0,background,high,1
sirstv2_000937.png,SIRST_V2,val,0,0,background,high,1
sirstv2_000946.png,SIRST_V2,val,0,0,background,mid,1
sirstv2_000949.png,SIRST_V2,val,0,0,background,high,1
sirstv2_000960.png,SIRST_V2,val,0,0,background,high,1
sirstv2_000964.png,SIRST_V2,val,0,0,background,high,1
sirstv2_000965.png,SIRST_V2,val,0,0,background,high,1
sirstv2_000973.png,SIRST_V2,val,0,0,background,mid,1
sirstv2_000974.png,SIRST_V2,val,0,0,background,high,1
sirstv2_000983.png,SIRST_V2,val,0,0,background,high,1
sirstv2_000986.png,SIRST_V2,val,0,0,background,high,1
sirstv2_000987.png,SIRST_V2,val,0,0,background,high,1
sirstv2_000993.png,SIRST_V2,val,0,0,background,low,1
sirstv2_000999.png,SIRST_V2,val,0,0,background,high,1
sirstv2_001024.png,SIRST_V2,val,0,0,background,high,1
